,umap_1,umap_2,paul15_clusters,state
W31105,-0.042982515,4.9391413,7MEP,
W31106,-7.29048,7.8913746,15Mo,
W31107,8.920913,3.6123116,3Ery,
W31108,-8.715149,9.499612,15Mo,
W31109,8.98244,4.066399,3Ery,
W31110,-6.5154243,8.743474,15Mo,
W31111,5.072736,3.8488007,4Ery,
W31113,1.378745,4.4413023,2Ery,
W31114,4.614032,3.4123058,3Ery,
W31115,7.754226,6.3932805,2Ery,
W31116,6.664053,5.812242,2Ery,
W31117,-2.5683348,7.315169,17Neu,
W31118,-7.834097,8.6683445,14Mo,
W31119,-4.3723564,7.1258645,13Baso,
W31120,7.506144,5.1862526,3Ery,
W31121,-0.006649152,4.0180225,7MEP,
W31122,7.2904825,3.1258366,3Ery,
W31123,7.538723,5.0355964,3Ery,
W31124,8.600008,6.163725,2Ery,
W31125,-0.8384341,7.4859266,8Mk,
W31126,4.713569,3.915215,3Ery,
W31127,-5.1437883,5.9059477,9GMP,
W31128,-0.42173293,7.096389,8Mk,
W31129,-2.0927708,5.6256785,10GMP,
W31130,-4.5987387,8.477653,15Mo,
W31131,-7.335084,9.786362,16Neu,
W31132,6.685638,5.7824955,4Ery,
W31133,-4.2535605,6.3367877,13Baso,
W31134,-2.219283,6.098724,17Neu,
W31136,8.229297,3.7720444,3Ery,
W31137,7.8272395,4.999436,2Ery,
W31138,6.768849,3.078549,3Ery,
W31139,3.920943,5.29666,5Ery,
W31140,6.454656,3.6715126,3Ery,
W31141,-5.7202544,7.0516257,13Baso,
W31142,8.118655,7.5247884,1Ery,
W31143,9.050803,4.455307,3Ery,
W31144,5.968749,3.3591366,6Ery,
W31145,-6.072276,9.8092,15Mo,
W31146,5.378461,4.4766626,3Ery,
W31147,8.22752,5.704415,3Ery,
W31148,-8.334054,8.053911,14Mo,
W31149,-2.7521448,3.7298682,19Lymph,19Lymph
W31150,-2.9810274,7.585816,12Baso,
W31151,8.70292,3.6804798,3Ery,
W31152,-7.486655,7.5224233,14Mo,
W31153,5.9150434,4.053491,6Ery,
W31154,7.105807,4.6799912,4Ery,
W31155,-0.7433455,4.743268,7MEP,
W31156,8.395204,5.936741,2Ery,
W31157,-3.3646357,5.9576144,13Baso,
W31158,-7.4977517,9.826473,14Mo,
W31159,4.726878,4.3733172,6Ery,
W31160,-1.2114888,5.3994107,18Eos,
W31161,7.223895,5.6933665,4Ery,
W31162,6.8714604,4.8542895,3Ery,
W31163,6.563403,5.0750494,3Ery,
W31164,-7.618788,7.8451877,14Mo,
W31165,8.439215,5.519137,2Ery,
W31166,-6.180852,7.211436,13Baso,
W31167,8.876543,5.7588716,2Ery,
W31168,-9.124124,7.4622064,13Baso,
W31169,-6.5899463,6.645201,13Baso,
W31170,-8.742626,8.173448,14Mo,
W31171,-0.42331254,4.5307345,7MEP,7MEP
W31172,4.6910763,3.4499671,7MEP,
W31173,-0.43272984,5.0966415,7MEP,
W31174,-4.037222,5.916346,10GMP,
W31175,-3.1104596,7.335657,12Baso,
W31176,3.3129866,4.4364796,6Ery,
W31177,4.770334,4.839007,5Ery,
W31178,5.1526136,5.212995,5Ery,
W31179,-6.902704,9.858998,14Mo,
W31180,7.4907575,5.547132,4Ery,
W31181,-7.0057745,11.19231,16Neu,
W31182,-7.7878046,10.278083,16Neu,
W31183,7.834867,3.6850026,3Ery,
W31184,7.0833535,5.5468774,2Ery,
W31185,6.610882,5.8981333,6Ery,
W31186,-6.321574,6.243715,13Baso,
W31187,-4.7218065,6.0698895,13Baso,
W31188,-3.4964306,6.246165,10GMP,
W31189,-6.9072967,9.758239,14Mo,
W31190,5.6891356,5.8354936,5Ery,
W31191,0.08362714,4.468735,7MEP,
W31192,0.22372517,5.430943,7MEP,
W31193,7.3735237,4.730391,5Ery,
W31194,4.3655915,4.8688145,6Ery,
W31195,8.776019,5.5844355,2Ery,
W31196,3.1143901,5.1856966,10GMP,
W31197,-4.2914557,6.22651,10GMP,
W31198,7.86488,5.681798,2Ery,
W31199,-1.1155785,4.5420365,7MEP,
W31200,3.6927958,4.716976,6Ery,
W31201,0.6363948,4.744288,7MEP,
W31202,-6.583789,7.7894077,14Mo,
W31203,-5.3342667,8.885079,16Neu,
W31204,-4.1332955,5.768752,10GMP,
W31205,5.5675316,5.7888193,3Ery,
W31206,8.526059,3.2985451,3Ery,3Ery
W31207,-7.687627,7.9795933,13Baso,
W31209,8.931653,5.9454117,1Ery,
W31210,-5.8293824,8.87446,14Mo,
W31211,-7.1839247,8.513858,15Mo,
W31212,6.6068754,6.982534,2Ery,
W31213,2.5148087,5.308216,5Ery,
W31214,7.4498653,7.474091,2Ery,
W31215,3.8586366,5.4305196,5Ery,
W31217,7.955603,3.8850405,3Ery,
W31218,-6.013776,8.6976,14Mo,
W31219,-4.7301393,5.846579,10GMP,
W31220,7.534758,7.0543485,2Ery,
W31221,-0.20238236,4.331738,7MEP,7MEP
W31222,7.200543,4.4488006,4Ery,
W31223,-4.0981097,5.9837403,9GMP,
W31224,0.10845386,5.7396417,7MEP,
W31225,6.9955974,6.848842,3Ery,
W31226,-6.2619967,10.882542,16Neu,
W31227,-4.593146,2.4399097,11DC,11DC
W31228,-1.8898668,6.424313,10GMP,
W31229,4.6131706,3.7135854,6Ery,
W31230,3.71109,5.1600027,3Ery,
W31231,6.5778017,7.0445576,2Ery,
W31232,7.3097353,5.501037,5Ery,
W31233,5.319697,6.7736597,2Ery,
W31234,7.9342985,6.397823,2Ery,
W31236,5.3737106,6.6324277,5Ery,
W31237,-6.083748,7.9982724,14Mo,
W31238,5.9984684,4.0964994,5Ery,
W31239,-6.6491537,8.088634,14Mo,
W31240,6.061717,3.7745166,3Ery,
W31241,6.3900504,6.750216,2Ery,
W31242,-4.9375734,10.511647,16Neu,
W31243,8.687581,6.5254617,2Ery,
W31244,-3.0432088,6.8876266,13Baso,
W31245,-5.23218,10.537728,16Neu,
W31246,7.060069,7.497469,2Ery,
W31247,8.82626,5.5685496,3Ery,
W31248,7.534723,3.469337,3Ery,
W31249,-6.021461,7.556961,14Mo,
W31250,5.8841777,6.563425,5Ery,
W31251,-6.9069767,11.5337105,16Neu,
W31252,-6.158548,8.150014,14Mo,
W31253,-3.4380953,7.8133545,14Mo,
W31254,-8.61359,7.386631,13Baso,
W31255,7.7250595,5.2818217,3Ery,
W31256,-5.1962247,8.498979,14Mo,
W31257,0.316784,4.6810546,7MEP,
W31259,-6.248795,7.1067553,14Mo,
W31260,-2.9334772,6.9361405,10GMP,
W31262,3.8928912,6.307788,2Ery,
W31263,-3.3753717,7.3688393,14Mo,
W31264,-4.4747286,9.068005,15Mo,
W31265,-6.897299,7.894335,14Mo,
W31266,-6.932581,11.1018095,16Neu,
W31267,-2.4566905,5.690261,10GMP,
W31268,-0.94226265,4.599181,7MEP,
W31269,3.818592,6.178908,5Ery,
W31270,-5.7481785,11.292136,16Neu,
W31271,5.4218407,7.0031533,2Ery,
W31272,-5.6267095,10.168095,16Neu,
W31273,-5.5009785,9.695501,14Mo,
W31274,-4.3513703,6.6779017,10GMP,
W31275,-5.9793415,11.077106,16Neu,
W31276,-0.3313447,5.565086,8Mk,
W31277,0.40562698,4.335606,7MEP,
W31278,-6.8320413,7.5471554,14Mo,
W31279,0.10151079,5.3775845,7MEP,
W31280,6.879241,6.3392053,2Ery,
W31281,-6.606892,7.471148,14Mo,
W31282,-3.7758138,7.631547,14Mo,
W31283,6.1814537,6.0008907,4Ery,
W31284,4.742543,6.1586623,5Ery,
W31285,-3.9721773,8.020278,14Mo,
W31286,-3.9922996,8.096142,14Mo,
W31287,-0.5974041,6.192097,10GMP,
W31288,0.7996437,4.7628675,6Ery,
W31289,5.3717055,5.8472238,5Ery,
W31290,-5.7215133,8.28938,14Mo,
W31291,8.511718,4.024507,3Ery,
W31292,5.468979,4.3052273,5Ery,
W31293,-7.3291965,8.902886,15Mo,
W31294,5.485282,6.029569,5Ery,
W31295,-5.4887476,8.612965,14Mo,
W31296,-6.1507134,9.163359,16Neu,
W31297,-0.80641735,5.292503,8Mk,
W31298,9.115197,4.43004,3Ery,
W31299,-7.8723097,8.7765045,14Mo,
W31300,-0.91828823,4.7729807,12Baso,
W31301,-7.6433434,8.224742,14Mo,
W31302,8.661044,3.2262049,3Ery,3Ery
W31303,4.0408716,4.940801,5Ery,
W31305,-3.406898,7.795356,16Neu,
W31306,-8.328582,10.008635,15Mo,
W31307,-7.6293297,7.436349,13Baso,
W31309,6.667664,5.11794,5Ery,
W31310,8.383248,3.0805888,3Ery,3Ery
W31311,-5.043832,6.908363,13Baso,
W31312,-2.1264508,7.1271152,12Baso,
W31313,-0.67308885,5.180282,8Mk,7MEP
W31314,-0.024969006,6.7633767,7MEP,
W31315,4.1758404,4.297141,6Ery,
W31316,8.038893,5.9081883,2Ery,
W31317,9.138056,3.8143394,3Ery,
W31318,8.681322,4.464376,3Ery,
W31319,-7.657315,8.831456,15Mo,
W31321,4.456927,3.6593604,3Ery,
W31322,7.1391096,4.513862,3Ery,
W31323,6.2097096,3.5804744,3Ery,
W31324,0.62089634,6.310852,8Mk,
W31325,7.0264645,6.250723,2Ery,
W31326,8.445577,5.28545,2Ery,
W31327,-7.9408283,8.706441,14Mo,
W31328,6.8419676,4.275044,3Ery,
W31329,-8.705162,8.708712,15Mo,
W31330,-7.921681,8.148488,14Mo,
W31331,0.59174377,4.7835345,7MEP,
W31332,-4.8534126,9.599878,15Mo,
W31333,6.9644694,4.9322586,3Ery,
W31334,6.899088,5.529348,3Ery,
W31335,-4.004297,7.8145757,13Baso,
W31336,-8.7603655,8.858503,15Mo,
W31337,8.495904,4.1211276,3Ery,
W31338,-8.377621,9.016525,15Mo,
W31339,-7.7679543,7.448685,13Baso,
W31340,5.5335836,3.9626744,3Ery,
W31341,-6.448397,9.6318655,15Mo,
W31342,-8.047958,10.243289,15Mo,
W31343,-9.1610985,7.7366304,13Baso,
W31344,-3.0457592,4.5507903,19Lymph,19Lymph
W31345,6.2928877,4.1796255,4Ery,
W31346,6.911158,4.6481895,3Ery,
W31347,-6.338546,7.8014836,14Mo,
W31348,7.2015305,5.252429,4Ery,
W31349,3.1149566,5.319823,6Ery,
W31350,-8.196431,11.014519,16Neu,15Mo
W31351,-8.600605,7.9374843,14Mo,
W31353,8.578993,5.888066,3Ery,
W31354,-1.7574196,6.2755327,17Neu,
W31355,-7.533683,8.556509,15Mo,
W31356,5.5798154,5.119098,4Ery,
W31357,8.085135,3.6755073,3Ery,
W31358,2.8152795,5.273638,6Ery,
W31359,-6.5830073,8.325587,14Mo,
W31360,6.989852,2.775784,3Ery,
W31361,-5.2915115,9.522899,16Neu,
W31362,-7.653389,7.628838,14Mo,
W31363,-6.972907,10.306787,15Mo,
W31364,1.4155152,5.615716,7MEP,
W31365,-5.7703314,6.4553156,13Baso,
W31366,-5.4871144,9.669698,15Mo,
W31367,-8.116472,7.343806,14Mo,
W31368,8.260337,3.7752762,3Ery,
W31369,6.724791,6.603598,2Ery,
W31370,7.8743534,5.2301164,2Ery,
W31371,-7.7596703,8.704549,14Mo,
W31372,8.77646,5.6463284,2Ery,
W31373,-7.8944435,8.518277,13Baso,
W31374,7.890264,5.3823185,2Ery,
W31375,6.8760977,3.816393,3Ery,
W31376,-4.0952134,6.279497,13Baso,
W31377,-0.9456432,5.954358,12Baso,
W31378,6.979105,6.4758935,2Ery,
W31379,-3.4583957,6.073271,10GMP,
W31380,5.0816374,5.9284935,5Ery,
W31381,-6.3558574,6.962519,13Baso,
W31382,6.7633624,4.344008,3Ery,
W31383,-3.1539729,6.0628285,9GMP,
W31386,-7.1394296,10.193412,15Mo,
W31387,7.8500056,5.841158,2Ery,
W31388,-2.6111088,6.18266,10GMP,
W31389,5.9752893,5.1990595,5Ery,
W31390,5.429587,5.4055696,5Ery,
W31391,7.814388,7.0397205,2Ery,
W31392,-4.487215,7.6164355,14Mo,
W31393,-4.714574,7.1082683,13Baso,
W31394,7.651481,6.378571,2Ery,
W31395,-7.2779546,7.6242185,14Mo,
W31396,-6.0194345,10.520669,16Neu,
W31397,-1.4923825,5.314934,12Baso,
W31398,-6.192528,7.805163,14Mo,
W31399,-4.5750947,7.823456,14Mo,
W31401,7.6268115,5.6295495,3Ery,
W31402,-5.198767,7.811311,14Mo,
W31403,-5.94453,6.2227473,13Baso,
W31405,-3.2695227,7.0727835,12Baso,
W31406,4.9724784,5.721441,5Ery,
W31407,-1.2318679,5.4429812,10GMP,
W31409,-4.5576987,7.719601,14Mo,
W31410,5.1754208,5.1388083,4Ery,
W31411,-5.823014,9.355245,15Mo,
W31412,-4.9332056,2.5259058,11DC,11DC
W31413,6.7080193,3.2447116,3Ery,
W31414,6.4409733,4.4141755,4Ery,
W31415,4.500155,5.657457,4Ery,
W31416,6.1840596,4.7605243,4Ery,
W31418,7.0687366,5.5492635,4Ery,
W31419,4.699251,6.2007957,5Ery,
W31420,8.281961,7.349485,1Ery,
W31421,-7.4257913,11.282601,16Neu,
W31422,-6.9306316,8.244937,14Mo,
W31423,7.8535748,6.5189466,2Ery,
W31424,5.342258,4.933967,5Ery,
W31425,-5.858436,10.392793,15Mo,
W31426,5.586513,4.312015,5Ery,
W31427,5.604319,6.7775655,2Ery,
W31428,5.4530535,5.4278383,5Ery,
W31429,7.656668,7.547634,1Ery,
W31430,-0.23478436,4.8183103,7MEP,7MEP
W31431,5.8470984,6.9946647,2Ery,
W31432,-5.8723903,9.189902,14Mo,
W31433,-0.73451906,5.6766324,10GMP,
W31434,6.406768,6.2932734,2Ery,
W31436,-5.6719136,8.462145,14Mo,
W31437,2.0788536,5.2496305,6Ery,
W31439,-0.9116752,7.3744245,9GMP,
W31440,8.7987585,3.2216895,3Ery,3Ery
W31441,6.001687,6.7201495,2Ery,
W31442,6.2287307,6.051025,3Ery,
W31443,-0.6710484,5.303244,12Baso,7MEP
W31444,5.7117167,6.6246166,2Ery,
W31445,-1.4501141,5.430197,18Eos,
W31446,5.889288,5.657797,5Ery,
W31447,5.719186,5.786039,3Ery,
W31448,-6.586682,8.630167,15Mo,
W31451,-3.6090326,7.149794,14Mo,
W31452,8.083237,6.5734243,2Ery,
W31453,2.2130961,5.0416365,6Ery,
W31454,-4.347417,8.810299,14Mo,
W31455,7.703478,7.6186657,2Ery,
W31456,5.170271,5.760442,5Ery,
W31457,-1.4098593,5.19944,12Baso,
W31458,-0.16955502,5.3441577,7MEP,7MEP
W31459,-1.7599375,6.199442,17Neu,
W31460,-5.2371902,8.984008,14Mo,
W31461,5.757348,6.766873,2Ery,
W31462,4.6271486,6.3908267,5Ery,
W31463,6.751166,7.5674233,2Ery,
W31464,-6.116191,7.3348403,14Mo,
W31465,-4.386809,7.9912353,13Baso,
W31466,-7.7271104,8.445296,15Mo,
W31467,7.2437153,6.008056,2Ery,
W31468,-4.8852544,6.874078,13Baso,
W31469,-6.728712,10.907471,16Neu,
W31470,7.469227,5.5826964,5Ery,
W31471,-8.050146,7.000232,14Mo,
W31472,-5.1319375,10.021127,16Neu,
W31473,-6.0806384,7.940958,14Mo,
W31474,-6.0843987,10.8744335,16Neu,
W31475,-6.0152845,7.8154244,14Mo,
W31476,-0.70211715,7.11879,8Mk,
W31477,-3.4974685,6.250562,10GMP,
W31478,-4.0343585,8.19833,14Mo,
W31479,5.1180744,6.0614724,5Ery,
W31480,0.2135026,4.0582557,7MEP,
W31481,7.4054694,7.263427,2Ery,
W31483,-4.4583616,9.619621,14Mo,
W31484,-6.3163657,7.371815,13Baso,
W31485,5.7259927,5.404242,2Ery,
W31486,5.2325683,5.389278,5Ery,
W31487,-5.1300726,8.29045,14Mo,
W31489,-7.9130635,7.4637856,14Mo,
W31491,-4.310503,6.48701,9GMP,
W31492,7.5589604,4.2455683,4Ery,
W31493,-1.9921159,5.267385,10GMP,
W31494,-7.066772,8.518725,13Baso,
W31495,-3.8035471,6.344913,10GMP,
W31497,0.22366296,4.876212,7MEP,
W31498,-4.1038556,6.7536864,10GMP,
W31499,5.3206644,3.5682127,3Ery,
W31500,8.183383,5.7823577,2Ery,
W31501,-7.6123385,7.380409,14Mo,
W31502,-2.02977,5.443314,10GMP,
W31503,-6.0000076,10.009545,15Mo,
W31504,-8.773387,8.861551,13Baso,
W31505,-0.4307863,5.0218015,7MEP,
W31506,1.0733453,4.5451026,6Ery,
W31507,2.1008947,5.723624,7MEP,
W31508,5.00414,4.8817754,5Ery,
W31509,-5.604191,8.22682,14Mo,
W31510,-7.0794573,7.1036663,13Baso,
W31511,-4.5090694,6.2603106,10GMP,
W31512,3.0437624,4.764085,7MEP,
W31513,8.032711,2.89187,3Ery,3Ery
W31514,0.027878728,5.168976,7MEP,7MEP
W31515,-5.474255,6.82358,13Baso,
W31516,8.171197,7.233042,1Ery,
W31517,-3.9765813,7.9048553,14Mo,
W31518,-5.731432,7.485481,13Baso,
W31519,-2.1760488,6.07918,10GMP,
W31520,-5.0370526,6.107799,9GMP,
W31521,6.8205633,3.019844,3Ery,
W31522,-7.0153155,6.391736,13Baso,
W31523,7.669446,6.9113197,2Ery,
W31524,-4.207211,7.37562,13Baso,
W31525,7.962481,6.2279053,2Ery,
W31526,-0.110207476,4.335728,6Ery,
W31527,2.0013182,5.1462483,6Ery,
W31528,-4.8705597,7.6006722,13Baso,
W31529,6.266911,3.1691914,3Ery,
W31530,-4.8058653,8.364532,13Baso,
W31531,-4.420668,2.591462,11DC,11DC
W31532,-6.0890408,10.138378,14Mo,
W31533,-2.278245,5.731822,10GMP,
W31534,-0.76244164,6.832388,8Mk,
W31535,-2.7098572,6.3596826,9GMP,
W31536,6.828476,5.662307,2Ery,
W31537,-3.5493007,7.589979,13Baso,
W31538,-5.7496157,7.599089,14Mo,
W31539,-2.836953,6.645484,13Baso,
W31540,-5.237881,8.528769,14Mo,
W31541,5.8090634,6.11023,5Ery,
W31542,-4.872874,7.735725,14Mo,
W31543,4.1565814,5.7715607,5Ery,
W31544,-6.354317,7.4178677,13Baso,
W31545,-2.497124,7.3997607,12Baso,
W31546,-5.871572,10.863985,16Neu,
W31547,-2.0313432,4.8528113,11DC,11DC
W31548,-3.0954647,6.984994,13Baso,
W31549,-5.858094,7.624063,13Baso,
W31550,7.2828546,6.7081904,2Ery,
W31551,6.222214,6.116078,2Ery,
W31552,-5.045147,7.8801513,14Mo,
W31553,-0.47799045,4.3771305,7MEP,7MEP
W31554,6.2524843,5.6601467,4Ery,
W31555,2.4904454,5.1786323,6Ery,
W31556,-4.7610703,7.457248,13Baso,
W31558,-4.575172,8.281192,14Mo,
W31559,-6.016952,7.5207667,14Mo,
W31560,-0.021945689,4.858086,6Ery,
W31562,-1.8009598,6.0724363,12Baso,
W31563,5.4975524,4.188285,6Ery,
W31564,-3.7606447,8.001924,14Mo,
W31565,6.7236533,5.4436502,2Ery,
W31566,-5.3313904,9.346571,13Baso,
W31567,-5.434622,7.7287846,13Baso,
W31568,-5.48702,8.594429,14Mo,
W31569,0.11208733,4.3361025,7MEP,
W31570,-0.35714623,4.9803634,7MEP,7MEP
W31571,-6.053581,10.364436,15Mo,
W31572,3.8075042,5.561493,5Ery,
W31573,3.2636156,5.2720504,5Ery,
W31575,2.6900773,5.0638456,5Ery,
W31576,4.89974,5.5042763,5Ery,
W31577,-7.403586,10.556179,15Mo,
W31578,8.187921,6.8706675,1Ery,
W31580,-4.8055277,7.187372,13Baso,
W31581,-5.050185,6.1764174,10GMP,
W31583,-1.3203542,7.13976,12Baso,
W31586,7.9833117,4.4556274,4Ery,
W31587,-0.561962,4.532533,7MEP,
W31588,-7.7992315,11.06002,15Mo,
W31589,-2.6332886,3.9561276,19Lymph,19Lymph
W31590,-7.9769855,7.1444573,13Baso,
W31591,-7.6036777,7.563788,13Baso,
W31593,8.165981,2.9717185,3Ery,
W31594,6.508781,5.445412,3Ery,
W31595,-6.1638117,10.515844,15Mo,
W31596,-5.9328628,11.214544,16Neu,
W31597,-6.7857256,7.2397017,13Baso,
W31598,8.164842,5.827756,2Ery,
W31599,-6.9364576,10.554101,15Mo,
W31600,-1.5295837,5.962796,17Neu,
W31601,-6.4056497,9.908239,15Mo,
W31602,-4.925856,6.5746613,13Baso,
W31603,-5.852114,10.299813,16Neu,
W31604,0.97442895,4.364757,6Ery,
W31605,5.180549,4.3530216,5Ery,
W31606,-7.6233096,9.198797,15Mo,
W31607,-1.9791483,6.982298,9GMP,
W31608,-7.2618904,7.524118,13Baso,
W31609,-8.629533,10.023303,15Mo,15Mo
W31611,-5.2500753,7.4970527,13Baso,
W31613,0.053532135,5.8370705,6Ery,
W31614,-0.46755624,4.7205005,7MEP,
W31615,-2.7126877,6.2315354,12Baso,
W31617,-6.803853,10.3379345,15Mo,
W31618,7.6905723,7.3777757,2Ery,
W31620,-2.723529,6.4876857,13Baso,
W31621,-1.4109138,6.4345956,10GMP,
W31622,-5.5537415,8.85372,14Mo,
W31623,-5.6230397,8.382898,14Mo,
W31624,-6.4739804,10.067204,14Mo,
W31625,-7.486596,10.843519,15Mo,
W31626,3.339511,5.2456474,5Ery,
W31628,-6.7413282,11.226926,16Neu,
W31629,4.68513,5.6663284,5Ery,
W31630,-6.2095485,8.713987,14Mo,
W31631,-6.036057,8.5252075,13Baso,
W31632,-8.341787,10.744394,15Mo,15Mo
W31634,7.9931855,6.911534,2Ery,
W31635,7.188834,7.061003,2Ery,
W31636,6.830683,7.1414394,2Ery,
W31638,-4.685909,7.869067,13Baso,
W31639,-4.741317,6.814408,13Baso,
W31640,4.421915,4.348568,5Ery,
W31641,4.1440353,5.444391,5Ery,
W31642,-2.4726517,6.0270333,9GMP,
W31644,-6.2710357,8.452117,14Mo,
W31645,-0.74438226,4.825478,7MEP,
W31646,-4.9303064,7.509936,14Mo,
W31647,-4.596702,2.6500995,11DC,11DC
W31648,-6.049637,10.97302,16Neu,
W31649,8.968511,5.2973013,2Ery,
W31650,5.595618,6.239392,2Ery,
W31651,-0.87282467,4.8185954,10GMP,
W31652,-0.6143479,7.237248,8Mk,
W31653,6.820044,7.0223627,2Ery,
W31654,6.013875,5.7931957,5Ery,
W31655,-7.8054028,6.9080687,13Baso,
W31656,-5.8382387,7.6890335,13Baso,
W31657,-3.7933183,6.698844,12Baso,
W31658,0.48048556,4.8341584,7MEP,
W31659,0.1768521,4.8799925,7MEP,
W31660,-4.6897197,7.7380915,13Baso,
W31661,0.41896778,4.1589923,6Ery,
W31662,5.61249,5.3750715,5Ery,
W31663,-5.971048,11.547675,16Neu,
W31664,-5.7256694,8.714139,14Mo,
W31665,-5.7084856,7.4370527,13Baso,
W31666,7.321214,6.220465,2Ery,
W31667,-4.528649,8.022072,14Mo,
W31668,5.590132,5.9409375,5Ery,
W31669,-0.6285805,4.6838384,7MEP,
W31670,-5.4551597,6.525617,10GMP,
W31671,-2.7566824,3.740059,19Lymph,19Lymph
W31674,-3.2877152,7.6155806,14Mo,
W31676,7.779593,4.6872163,4Ery,
W31678,-7.4841933,9.380509,14Mo,
W31681,-1.7501423,7.2888126,12Baso,
W31682,-3.2473085,5.752721,9GMP,
W31683,-8.657224,9.978555,15Mo,15Mo
W31684,-2.2433412,7.17581,17Neu,
W31685,0.21918678,5.439801,7MEP,
W31686,-6.42364,11.040113,16Neu,
W31687,-7.9723344,6.774705,13Baso,
W31689,7.435952,3.016966,3Ery,
W31690,-6.79717,10.963474,15Mo,
W31691,6.8439713,5.2974095,3Ery,
W31692,1.5565238,5.2910457,7MEP,
W31693,-0.54474074,7.3995886,8Mk,
W31694,-2.9966266,3.7676973,19Lymph,19Lymph
W31695,6.247897,5.522011,3Ery,
W31696,-5.589822,7.7429624,13Baso,
W31697,-2.9624557,6.3752747,9GMP,
W31698,6.081563,4.2830596,3Ery,
W31699,6.3631945,4.797993,3Ery,
W31700,8.684403,6.2729254,2Ery,
W31701,-5.776949,11.079991,16Neu,
W31702,-7.0143127,7.777611,14Mo,
W31703,-6.107084,11.554751,16Neu,
W31704,2.260501,5.504329,6Ery,
W31705,-6.355024,7.6344614,14Mo,
W31706,3.696375,5.02162,5Ery,
W31707,-5.675985,7.910177,14Mo,
W31708,-6.2356806,8.427018,14Mo,
W31709,-1.8412404,4.5503674,19Lymph,19Lymph
W31711,-5.1650705,10.214824,15Mo,
W31712,-3.108485,7.357635,13Baso,
W31713,-6.1724257,10.031924,14Mo,
W31714,-5.249485,7.0442147,13Baso,
W31715,-2.300348,7.2189074,17Neu,
W31716,-4.968935,7.839912,14Mo,
W31717,7.476381,7.3811193,1Ery,
W31718,6.1450305,6.560949,2Ery,
W31719,4.711609,4.915544,5Ery,
W31720,-0.27022758,3.9048276,6Ery,
W31721,-8.830488,8.810871,15Mo,
W31722,-4.226823,6.543926,10GMP,
W31723,1.0164475,4.7493134,6Ery,
W31724,-2.4273486,6.243139,10GMP,
W31725,0.0017851137,4.0126367,7MEP,
W31726,-5.220537,8.976962,14Mo,
W31727,-7.110147,6.987185,13Baso,
W31728,6.4754224,6.117132,2Ery,
W31729,-8.559631,9.314204,14Mo,
W31730,-6.5295553,8.765667,14Mo,
W31731,-0.54774183,4.1425486,6Ery,
W31732,-2.4829993,6.2003107,13Baso,
W31733,-5.4158664,8.264204,14Mo,
W31734,-3.706781,8.185308,14Mo,
W31735,6.5170727,6.364841,2Ery,
W31736,3.9567988,5.115087,6Ery,
W31737,-5.162831,6.5388227,13Baso,
W31738,-2.6903832,5.9646463,10GMP,
W31739,-5.81906,10.34866,15Mo,
W31740,-6.1535335,11.370471,16Neu,
W31741,-3.8145728,6.4268446,10GMP,
W31742,7.857085,7.5858016,1Ery,
W31743,-6.4726877,8.298825,14Mo,
W31744,-1.9630752,7.2886577,12Baso,
W31745,-4.0635257,5.967174,10GMP,
W31746,-0.74768835,5.3590817,12Baso,
W31748,-5.8969584,11.241223,16Neu,
W31749,-3.727745,6.4718666,10GMP,
W31750,-6.789743,6.6501145,13Baso,
W31751,-5.7890472,11.425773,16Neu,
W31752,1.3977662,4.696874,6Ery,
W31755,1.7066275,4.7732897,5Ery,
W31756,-3.695052,6.6891108,10GMP,
W31758,-5.853429,7.1172156,13Baso,
W31759,-2.7697248,3.8527517,19Lymph,19Lymph
W31760,-5.727839,10.017245,14Mo,
W31761,4.9841766,5.1782265,5Ery,
W31762,-6.116084,6.83123,13Baso,
W31764,-6.197165,7.6293206,13Baso,
W31765,-5.9072547,7.332702,13Baso,
W31766,-2.876608,3.8026204,19Lymph,19Lymph
W31767,-5.4539843,9.181651,13Baso,
W31768,7.9008894,3.6269708,4Ery,
W31771,-1.028312,6.5927477,12Baso,
W31773,-2.2767797,6.3017316,10GMP,
W31774,-4.686768,2.8200655,11DC,11DC
W31775,8.216684,7.1379223,1Ery,
W31776,-2.805183,3.937418,19Lymph,19Lymph
W31777,7.578054,4.540724,3Ery,
W31778,0.79611486,5.175137,6Ery,
W31779,1.5865537,5.4636908,6Ery,
W31780,7.6600814,5.9996796,2Ery,
W31781,8.54903,6.0318675,2Ery,
W31782,-5.43484,7.231903,13Baso,
W31783,4.646991,3.837954,3Ery,
W31785,-7.055949,11.175677,15Mo,
W31786,7.7352695,5.71977,2Ery,
W31787,-2.978406,7.4106336,10GMP,
W31788,3.0877948,5.515165,5Ery,
W31789,-4.260433,7.793816,13Baso,
W31791,-2.7342114,6.028229,9GMP,
W31792,-3.504112,5.9241853,9GMP,
W31793,-2.4940119,6.9143534,12Baso,
W31794,-1.7911978,5.997951,17Neu,
W31795,1.1653538,5.1950383,6Ery,
W31796,0.05860778,4.4457684,7MEP,
W31797,3.8680766,4.782166,6Ery,
W31798,-6.7912245,7.4641166,14Mo,
W31799,-4.6549253,7.808684,14Mo,
W31800,-2.6595736,3.6775491,19Lymph,19Lymph
W31801,-6.346606,7.2794275,13Baso,
W31802,-4.724703,7.3590693,13Baso,
W31803,6.0820956,6.3926406,2Ery,
W31804,-3.9976656,7.1751842,13Baso,
W31805,-0.81023496,4.6800485,7MEP,7MEP
W31806,5.8381467,4.7043214,3Ery,
W31807,-3.4859717,7.3243065,13Baso,
W31808,-6.9561605,9.949465,15Mo,
W31809,-3.685026,7.4809318,13Baso,
W31810,-4.5825496,2.5496888,11DC,11DC
W31811,-1.9443691,6.5917263,17Neu,
W31812,-6.534882,8.4126425,13Baso,
W31813,-4.692785,8.230206,14Mo,
W31814,5.864424,6.75637,2Ery,
W31815,-4.58307,2.3665867,11DC,11DC
W31816,-5.055176,6.9210396,13Baso,
W31817,-5.088987,7.9614677,13Baso,
W31818,6.773855,6.882511,2Ery,
W31819,7.4155555,7.4064364,2Ery,
W31820,-5.525427,10.996764,16Neu,
W31821,-4.603782,8.59832,14Mo,
W31822,-2.64253,6.4790497,10GMP,
W31823,-6.018759,10.639489,16Neu,
W31824,-7.0379395,7.5461287,13Baso,
W31825,-4.931588,6.6303687,10GMP,
W31826,-6.40166,10.558847,16Neu,
W31827,4.613669,6.5132384,2Ery,
W31828,-5.3787675,8.248829,14Mo,
W31829,-1.1687673,5.1007366,12Baso,
W31830,-2.6158621,5.514643,9GMP,
W31831,7.4335694,5.809954,2Ery,
W31832,8.305498,5.023232,2Ery,
W31834,6.447596,6.895919,2Ery,
W31835,3.8694484,6.059597,6Ery,
W31836,-6.598828,6.450784,13Baso,
W31837,-3.3467143,7.4326205,14Mo,
W31838,7.032901,6.418425,2Ery,
W31839,6.1817923,5.393824,5Ery,
W31840,-7.3021016,10.937119,16Neu,
W31841,1.0673718,4.9896936,6Ery,
W31842,-3.247095,7.290405,13Baso,
W31845,-5.1444197,7.6167674,14Mo,
W31846,4.3779387,5.5489454,5Ery,
W31847,5.588774,6.476174,5Ery,
W31849,7.886807,6.8382273,2Ery,
W31850,5.7782083,4.930165,4Ery,
W31851,7.1926937,7.1159782,2Ery,
W31854,-2.9102652,6.687928,10GMP,
W31855,5.8840604,5.627713,5Ery,
W31856,-4.4779882,7.7953157,13Baso,
W31857,-5.4715714,7.662709,13Baso,
W31858,7.029447,6.4201593,2Ery,
W31859,-0.07898658,5.420951,12Baso,
W31860,-3.0531735,7.8016768,12Baso,
W31861,-5.2648087,9.873474,15Mo,
W31864,-6.548299,7.8064027,13Baso,
W31865,-6.5789347,6.9871764,13Baso,
W31866,-4.339179,8.153519,13Baso,
W31868,-4.913073,7.624414,13Baso,
W31870,-4.395021,6.0497184,10GMP,
W31871,-5.173218,10.079034,14Mo,
W31872,-7.0246887,7.595495,13Baso,
W36865,-0.31704587,4.4220834,7MEP,7MEP
W36866,-5.195735,8.161657,13Baso,
W36867,-0.7401379,5.3482847,9GMP,
W36868,-7.176763,7.906358,14Mo,
W36869,9.404691,5.2576723,1Ery,
W36871,7.391104,2.8443432,3Ery,
W36873,-8.320103,6.92088,13Baso,
W36874,-5.19797,8.034777,13Baso,
W36875,-7.864139,11.213233,15Mo,15Mo
W36876,5.706852,6.885144,2Ery,
W36877,-7.8474317,8.382696,13Baso,
W36878,7.4225535,4.0758686,5Ery,
W36879,-7.393911,8.754498,14Mo,
W36881,8.9253025,4.8392706,3Ery,
W36882,2.8957505,5.266265,6Ery,
W36883,8.315766,4.777311,2Ery,
W36884,-2.6110373,3.7573547,19Lymph,19Lymph
W36885,-6.9132004,9.651104,15Mo,
W36886,-2.8434968,7.1242733,12Baso,
W36887,-0.9877909,5.3472786,7MEP,7MEP
W36889,9.38075,5.819462,2Ery,
W36890,-0.37281448,6.6847177,8Mk,
W36891,-7.8952913,8.035354,14Mo,
W36892,-8.167539,7.974372,14Mo,
W36893,-0.9653443,6.823562,8Mk,
W36894,5.0746126,4.0054765,5Ery,
W36895,-4.8704963,9.172216,14Mo,
W36897,8.787072,6.018376,2Ery,
W36898,7.006013,3.2169776,3Ery,
W36899,-2.1975167,6.7890277,9GMP,
W36900,5.517488,5.195312,5Ery,
W36901,7.33391,5.0240088,3Ery,
W36902,5.870107,4.1165752,5Ery,
W36903,-7.3100553,7.985184,14Mo,
W36905,8.81154,4.712893,2Ery,
W36906,8.905146,5.1549773,2Ery,
W36907,-5.6137013,9.397087,14Mo,
W36908,-5.8091903,11.09127,16Neu,
W36909,-0.8159236,5.4860477,9GMP,
W36910,-7.370163,11.347171,16Neu,
W36911,-8.086336,11.006884,15Mo,15Mo
W36912,-5.1691008,5.8855104,10GMP,
W36913,7.980389,4.729596,3Ery,
W36914,-6.6416593,7.7652054,14Mo,
W36915,-0.044877153,7.182089,8Mk,
W36916,-4.7556314,9.289474,14Mo,
W36917,-6.120902,9.30128,15Mo,
W36918,-5.086449,10.704952,16Neu,
W36919,5.433187,5.258136,5Ery,
W36920,-6.953974,8.745698,14Mo,
W36921,-4.956312,10.302744,16Neu,
W36922,4.303886,5.501183,4Ery,
W36923,8.77515,5.4720373,2Ery,
W36924,-6.945785,7.174351,13Baso,
W36925,-7.9878287,7.5357075,14Mo,
W36926,-5.9269524,7.69292,13Baso,
W36927,3.8365202,4.833439,5Ery,
W36928,-5.727532,6.8303223,13Baso,
W36929,-0.39220738,5.0608,7MEP,
W36930,-6.366048,11.090063,15Mo,
W36931,2.300768,5.310045,6Ery,
W36932,-6.429794,11.131744,16Neu,
W36933,-7.623962,9.965474,15Mo,
W36934,-2.3246913,7.3716726,12Baso,
W36935,2.4584675,5.3338265,6Ery,
W36936,-7.1500025,7.5864906,13Baso,11DC
W36939,-6.177312,9.789951,14Mo,
W36940,-5.8403077,10.566894,16Neu,
W36941,-6.8050084,8.10211,14Mo,
W36942,-5.8179665,8.721752,14Mo,
W36943,7.12121,6.7381763,2Ery,
W36944,1.9953607,4.9145846,6Ery,
W36945,0.31450805,4.081595,6Ery,
W36946,-6.240652,6.6120243,13Baso,
W36947,-5.8073072,9.045976,14Mo,
W36948,-7.0403857,10.8234005,16Neu,
W36949,8.247567,4.755536,2Ery,
W36950,8.8360815,6.4228687,2Ery,
W36951,6.5787597,5.235752,5Ery,
W36952,7.030838,5.523618,2Ery,
W36953,4.553587,5.1149383,5Ery,
W36954,8.384013,6.8092337,1Ery,
W36955,-6.069114,6.4995127,13Baso,
W36956,-5.372794,8.391281,14Mo,
W36957,-6.4069524,8.84173,14Mo,
W36958,-6.8209796,11.458506,16Neu,
W36959,8.180371,7.0086083,1Ery,
W36960,6.1420226,3.9317603,6Ery,
W36961,-7.4633784,9.012364,14Mo,
W36962,-8.183354,8.135602,14Mo,
W36963,-7.520457,9.568637,15Mo,
W36964,-8.156442,6.877567,13Baso,
W36966,-7.66716,10.166019,15Mo,
W36967,9.130374,4.576933,1Ery,
W36969,-0.3671948,7.577974,8Mk,
W36970,-6.6568303,11.205953,15Mo,
W36971,-7.2686296,8.519713,14Mo,
W36972,-4.810953,6.5511193,10GMP,
W36973,-4.1866736,6.70591,9GMP,
W36974,4.5984893,4.636793,4Ery,
W36975,-7.807185,9.486534,15Mo,
W36976,0.8367808,4.07405,4Ery,
W36977,-4.48499,2.5357015,11DC,11DC
W36978,8.797628,6.493694,2Ery,
W36979,-6.6131625,8.006395,14Mo,
W36980,-4.179651,8.2566185,14Mo,
W36981,-0.37459671,7.4898047,8Mk,
W36982,-6.943388,7.8869133,13Baso,
W36983,4.2875557,4.443317,6Ery,
W36984,-5.6261654,6.7538533,13Baso,
W36985,5.9885707,4.949278,4Ery,
W36987,-3.8062027,6.1001635,13Baso,
W36990,-6.231031,9.004506,15Mo,
W36991,-5.046787,6.9429417,13Baso,
W36992,7.4973197,3.989646,4Ery,
W36993,7.6012216,6.9518557,2Ery,
W36994,-5.5109496,11.199746,16Neu,
W36995,7.045845,7.6513968,2Ery,
W36996,4.138176,5.6435256,5Ery,
W36997,8.164355,6.685472,2Ery,
W36998,3.7371387,5.2607584,5Ery,
W36999,-5.3681474,6.195048,10GMP,
W37000,-7.0114026,6.6544566,13Baso,
W37001,-4.0201964,7.4680853,13Baso,
W37003,-0.60253143,4.855122,8Mk,
W37004,-6.300107,11.266061,16Neu,
W37005,-5.79321,6.783258,13Baso,
W37006,-0.5889395,4.707505,7MEP,
W37008,7.0143943,5.4554396,4Ery,
W37009,-6.9880986,7.880734,13Baso,
W37010,0.19952232,4.4459844,6Ery,
W37011,6.354133,6.9898477,2Ery,
W37012,-2.6411312,6.8073254,14Mo,
W37013,-6.1979685,11.213185,16Neu,
W37014,7.7978654,6.278036,2Ery,
W37015,-3.9140484,7.8317614,13Baso,
W37016,-5.417725,9.770967,14Mo,
W37017,3.5055192,5.1259813,6Ery,
W37018,7.758587,7.523932,2Ery,
W37019,6.2226357,6.821067,2Ery,
W37020,7.2845635,7.457811,2Ery,
W37022,-0.8363372,6.941327,8Mk,
W37023,7.4681387,6.0034223,2Ery,
W37024,8.174262,4.3811293,4Ery,
W37025,-4.975415,8.44372,14Mo,
W37026,-1.6154197,5.6934385,17Neu,
W37027,3.1402547,5.3433213,5Ery,
W37028,-6.2727914,7.458873,13Baso,
W37029,-0.29989856,4.0952406,7MEP,
W37030,6.0470166,4.4702673,3Ery,
W37031,6.716472,4.2246547,5Ery,
W37032,-6.6944947,6.8403606,13Baso,
W37034,-0.7829341,7.206635,8Mk,
W37035,0.23264387,4.345278,6Ery,
W37036,5.9038935,6.222398,5Ery,
W37037,4.337793,4.7687154,5Ery,
W37038,-4.9356318,2.3395631,11DC,11DC
W37039,7.043603,5.977535,5Ery,
W37040,-4.3424335,9.513172,15Mo,
W37041,6.710581,6.3530593,2Ery,
W37042,7.4829993,6.5103526,2Ery,
W37043,-6.867619,10.199253,15Mo,
W37044,-5.791209,10.1043625,15Mo,
W37045,-7.615897,8.6241665,13Baso,
W37046,-6.8334146,8.646997,14Mo,
W37047,-6.435781,8.907104,14Mo,
W37048,-4.8690567,8.343133,14Mo,
W37049,4.250857,4.9528556,5Ery,
W37050,1.5661671,5.1773534,7MEP,
W37051,6.2420125,4.916616,3Ery,
W37052,7.220309,5.8630347,2Ery,
W37053,-0.041454066,5.0007367,7MEP,
W37054,7.7666388,7.4620705,1Ery,
W37055,-8.00729,8.303931,14Mo,
W37056,7.3092117,6.218591,2Ery,
W37057,-6.6467853,9.499008,15Mo,
W37058,-8.380711,8.47306,13Baso,
W37059,6.466926,5.2082887,4Ery,
W37060,-8.922875,8.454506,13Baso,
W37061,3.330639,4.8272953,6Ery,
W37063,-3.7183344,6.546455,9GMP,
W37065,9.250404,4.0271726,3Ery,
W37066,3.7699785,5.0242653,6Ery,
W37067,8.297204,7.039023,1Ery,
W37068,6.886407,4.1134524,4Ery,
W37069,-7.3140087,7.3441744,13Baso,
W37070,-5.460291,5.9358344,9GMP,
W37072,-0.17038344,5.1011467,7MEP,7MEP
W37073,-5.716412,8.786999,14Mo,
W37074,-7.0172334,8.289898,13Baso,
W37075,-8.35103,7.5438113,13Baso,
W37076,-2.5166333,3.684438,19Lymph,19Lymph
W37077,-3.362814,6.599012,10GMP,
W37078,-1.5541352,6.781972,9GMP,
W37079,3.9833963,5.40005,5Ery,
W37080,-6.2273755,11.451175,16Neu,
W37081,-6.110236,8.733565,14Mo,
W37082,-6.5190406,10.207891,15Mo,
W37083,7.73145,5.994927,2Ery,
W37084,8.066209,4.741751,3Ery,
W37085,-5.483618,6.9301715,13Baso,
W37086,4.3505855,5.2141395,6Ery,
W37087,5.2180033,6.316096,4Ery,
W37088,8.339562,4.709255,3Ery,
W37089,-7.140652,11.171575,16Neu,
W37090,-1.5344718,7.4663815,9GMP,
W37091,-2.1941936,6.100334,9GMP,
W37092,-0.73606646,4.7939057,12Baso,7MEP
W37093,-0.786142,5.092659,7MEP,7MEP
W37094,-6.0914683,10.853625,16Neu,
W37095,2.8041565,4.637822,6Ery,
W37096,-6.019133,8.201425,13Baso,
W37097,-2.6576002,7.9036293,17Neu,
W37098,-5.9922967,9.089318,14Mo,
W37099,8.705177,5.336166,3Ery,
W37100,-7.1177235,11.576128,16Neu,
W37101,-6.2180324,7.151098,13Baso,
W37102,-6.79016,8.172062,14Mo,
W37103,9.499382,4.671831,3Ery,
W37104,-6.170737,8.485306,14Mo,
W37105,-6.629892,11.180174,16Neu,
W37106,8.237607,5.120218,2Ery,
W37107,-3.712752,8.928111,18Eos,
W37108,0.1635152,5.1134887,7MEP,
W37109,-0.3625311,4.556252,7MEP,
W37110,6.215488,5.0457964,5Ery,
W37111,-5.71645,9.445299,16Neu,
W37112,7.128195,6.501599,2Ery,
W37113,5.705553,6.037091,5Ery,
W37114,-6.297341,8.1369705,13Baso,
W37115,1.3404325,4.824792,6Ery,
W37116,-6.1481724,8.761596,14Mo,
W37117,-2.909558,7.9324803,12Baso,
W37118,-5.1664376,6.7555327,13Baso,
W37119,6.441609,4.882197,5Ery,
W37120,6.844587,5.3136444,2Ery,
W37121,8.308755,4.8409257,2Ery,
W37122,-7.552004,8.26223,14Mo,
W37123,-6.5267634,10.949099,16Neu,
W37124,-6.1591167,8.911671,14Mo,
W37125,9.176101,6.234772,1Ery,
W37126,-4.6480236,2.468634,11DC,11DC
W37127,8.50774,6.1372037,1Ery,
W37128,-5.3646984,7.3576484,13Baso,
W37130,6.180583,5.344758,3Ery,
W37131,6.404047,5.6041512,5Ery,
W37132,-6.488944,10.979863,16Neu,
W37133,-6.260787,11.372608,16Neu,
W37134,3.224035,4.877981,6Ery,
W37135,8.861039,6.6818924,1Ery,
W37137,-7.068628,8.60727,14Mo,
W37138,-7.1801724,10.439357,16Neu,
W37139,8.105336,5.073356,2Ery,
W37140,2.1993327,5.5714364,10GMP,
W37141,5.0657573,5.6146255,5Ery,
W37142,-7.3416696,7.8674207,14Mo,
W37143,6.6863728,7.239126,2Ery,
W37144,4.519587,4.4060755,6Ery,
W37145,7.057668,4.4713526,5Ery,
W37146,8.39126,7.338256,1Ery,
W37147,-0.07583079,4.6020293,5Ery,
W37148,-6.3812027,10.1722,15Mo,
W37149,-2.4525113,3.7886083,19Lymph,19Lymph
W37150,-3.0135767,5.87759,10GMP,
W37151,8.165812,5.6942406,2Ery,
W37152,5.927761,4.756621,5Ery,
W37153,-0.3644701,4.762347,7MEP,
W37154,5.5727205,3.4710944,6Ery,
W37155,-5.21383,2.771748,11DC,11DC
W37156,7.3735743,4.80473,4Ery,
W37157,-7.9878745,8.431415,15Mo,
W37158,8.57571,5.2760506,3Ery,
W37159,9.139049,5.6099935,2Ery,
W37161,0.45193082,5.2715073,7MEP,
W37162,9.604436,5.130467,1Ery,
W37163,-0.33732307,4.3780813,7MEP,7MEP
W37164,4.2430634,5.424693,5Ery,
W37165,7.710259,3.7588427,3Ery,
W37166,6.178644,5.3160634,3Ery,
W37167,-7.472378,8.421759,13Baso,
W37168,7.114288,3.5745835,3Ery,
W37169,-6.7445517,10.850212,15Mo,
W37170,-7.545276,8.952161,15Mo,
W37171,6.3932133,4.827251,4Ery,
W37172,-6.879145,8.869197,14Mo,
W37173,7.3821898,6.3260627,2Ery,
W37174,8.660876,5.1520276,2Ery,
W37175,-7.1271515,11.382786,16Neu,
W37176,-8.519381,7.3048363,13Baso,
W37177,-6.1944733,6.758928,14Mo,
W37178,3.8906043,5.2042093,5Ery,
W37179,-5.873295,9.976593,16Neu,
W37180,-5.3242707,8.665531,14Mo,
W37181,-5.836966,9.734493,16Neu,
W37182,-0.6053127,7.7088714,8Mk,
W37183,0.72024584,4.460789,7MEP,
W37184,-0.8551279,4.9993634,8Mk,7MEP
W37185,-5.4418716,7.886548,14Mo,
W37186,-5.3564014,6.426442,10GMP,
W37187,6.449598,5.333859,5Ery,
W37188,0.28956583,5.957987,10GMP,
W37190,6.5887856,4.927422,3Ery,
W37191,-6.5235276,6.917716,13Baso,
W37192,-5.3306155,8.484776,14Mo,
W37193,8.2206135,5.3818455,3Ery,
W37194,5.173145,6.838652,2Ery,
W37195,6.524925,7.434907,2Ery,
W37196,-5.437897,10.021492,14Mo,
W37197,6.139706,6.685091,2Ery,
W37198,2.7340338,5.560968,6Ery,
W37199,7.373189,5.4764376,4Ery,
W37200,-7.2963233,10.052396,15Mo,
W37201,-6.0596814,7.004704,13Baso,
W37202,3.3524787,6.0452704,6Ery,
W37203,-2.0313873,6.879191,12Baso,
W37204,-5.210641,10.727288,16Neu,
W37205,-6.6218886,9.018538,14Mo,
W37206,-6.0771976,10.174754,15Mo,
W37207,-8.837004,7.875757,13Baso,
W37208,7.598452,5.5430818,2Ery,
W37209,-4.5336843,8.452517,14Mo,
W37210,-4.2123218,8.2866125,14Mo,
W37211,-0.8931767,5.8258414,12Baso,
W37212,-2.0276394,6.4341364,10GMP,
W37213,-0.4963055,4.79127,7MEP,
W37215,7.890666,5.8502955,2Ery,
W37216,5.4297314,5.4455886,4Ery,
W37217,6.2713027,6.3047557,3Ery,
W37218,-5.4884934,10.51344,16Neu,
W37219,4.4088883,6.482135,5Ery,
W37220,5.980929,7.0456004,2Ery,
W37221,5.9227047,4.83552,3Ery,
W37223,6.899119,7.1175156,2Ery,
W37224,-5.0314746,8.822847,14Mo,
W37225,-7.7373986,8.485912,14Mo,
W37226,-0.6795571,7.29441,8Mk,
W37227,6.035834,6.599703,5Ery,
W37228,0.65288043,5.204069,7MEP,
W37229,-0.19688238,4.103758,7MEP,
W37230,-6.3548584,11.603846,16Neu,
W37231,6.431766,6.4346294,2Ery,
W37232,-6.865971,6.389393,13Baso,
W37233,6.83098,5.0235305,5Ery,
W37234,4.9842243,5.9303956,5Ery,
W37235,-5.519839,9.71608,14Mo,
W37236,2.4900098,5.2430778,6Ery,
W37237,-5.254263,8.512966,14Mo,
W37238,-0.43966213,5.741053,7MEP,
W37239,6.987594,6.8995824,2Ery,
W37240,-4.3377447,6.7277946,13Baso,
W37241,7.547204,7.3172655,2Ery,
W37242,-4.2503104,7.975509,14Mo,
W37243,6.563139,6.8503156,2Ery,
W37244,-6.4139423,10.247545,15Mo,
W37245,4.850425,5.264993,3Ery,
W37246,5.70689,4.4458847,5Ery,
W37247,-0.67622995,5.9979315,10GMP,
W37248,3.092169,5.8205304,6Ery,
W37249,-3.3457744,7.5411263,15Mo,
W37250,9.482585,4.470681,1Ery,
W37251,6.9835443,3.9808624,4Ery,
W37252,-1.8727264,6.9172087,12Baso,
W37253,5.540585,6.151367,4Ery,
W37258,-8.554623,7.194008,13Baso,
W37259,6.8120894,3.335612,6Ery,
W37260,1.7545458,4.3745437,3Ery,
W37261,0.48894534,6.9811096,8Mk,
W37262,6.137447,3.0315146,6Ery,
W37264,5.954916,6.0954103,3Ery,
W37265,8.011465,3.8842356,3Ery,
W37266,8.189034,3.310589,4Ery,
W37267,-8.040725,10.480334,16Neu,15Mo
W37268,-0.14042614,5.0255513,7MEP,
W37269,8.336133,3.9460406,3Ery,
W37270,-8.612205,10.330478,15Mo,15Mo
W37273,-4.528763,5.729911,10GMP,
W37274,-3.466568,7.087683,12Baso,
W37275,8.593374,3.3777957,3Ery,3Ery
W37276,7.978645,3.3240776,3Ery,
W37277,-9.020187,7.9026427,14Mo,
W37278,-3.584065,6.5622506,9GMP,
W37279,-2.902942,7.411344,12Baso,
W37280,-7.7030935,10.385229,15Mo,
W37281,-8.561303,10.418258,15Mo,15Mo
W37282,8.4598255,4.5016966,2Ery,
W37283,-5.8262157,7.788393,14Mo,
W37284,6.9037967,5.6192064,4Ery,
W37285,8.319058,3.2495878,3Ery,
W37286,-7.814001,7.0003414,14Mo,
W37288,-7.4154744,7.292335,14Mo,
W37289,-0.8835433,7.9014435,8Mk,
W37290,-6.8950715,11.417749,16Neu,
W37291,-1.8006912,5.740399,10GMP,
W37292,8.131497,5.8024445,2Ery,
W37293,7.745733,6.207087,2Ery,
W37294,7.3056755,3.2157478,3Ery,
W37295,1.04982,5.5294986,9GMP,
W37296,-8.603357,10.304449,15Mo,15Mo
W37297,-7.3040814,6.912628,14Mo,
W37298,5.47482,5.4202995,5Ery,
W37300,-5.0774026,8.0426235,14Mo,
W37301,8.112929,5.288348,2Ery,
W37302,-8.0243635,7.000031,13Baso,
W37303,-8.55839,7.5512915,14Mo,
W37304,-8.559879,7.1222777,14Mo,
W37305,-7.4049993,8.508925,14Mo,
W37306,8.79576,4.1370997,2Ery,
W37307,7.968997,6.256938,2Ery,
W37308,-5.2701592,7.3873725,13Baso,
W37309,1.7018158,5.054288,6Ery,
W37310,-0.9083194,4.686457,7MEP,7MEP
W37311,0.022367202,5.0589585,7MEP,
W37312,-6.700284,6.840985,13Baso,
W37313,6.695456,3.540912,3Ery,
W37314,3.5768836,4.877995,3Ery,
W37315,-5.6456633,7.634022,14Mo,
W37317,1.4531581,4.503751,2Ery,
W37318,7.8272142,7.0477552,2Ery,
W37319,-1.2940383,7.28103,8Mk,
W37320,0.5381653,5.1607323,7MEP,
W37322,-6.4849215,11.529593,16Neu,
W37323,4.817598,5.2795844,5Ery,
W37324,-7.5335674,7.5210185,14Mo,
W37325,5.1824255,5.7691183,2Ery,
W37326,-5.8417716,8.89875,14Mo,
W37327,-0.4534925,7.5781913,8Mk,
W37328,0.66254073,5.9924874,7MEP,
W37329,-2.6866038,3.8140955,19Lymph,19Lymph
W37330,-7.446385,9.374887,14Mo,
W37331,-0.5474825,4.8275614,12Baso,
W37332,-6.186865,6.5458484,13Baso,
W37334,0.23905389,6.7903314,12Baso,
W37335,-7.1361613,6.6532784,13Baso,
W37336,7.81533,2.9296024,4Ery,
W37337,-8.574871,8.565479,14Mo,
W37338,9.174376,3.994868,2Ery,
W37339,6.3638115,5.5086207,5Ery,
W37340,-4.7991676,2.5897236,11DC,11DC
W37341,-7.6617947,10.936596,16Neu,
W37342,8.281409,3.0556042,3Ery,3Ery
W37343,-4.896909,2.5119476,11DC,11DC
W37344,7.637436,3.9872916,3Ery,
W37345,8.42415,3.8077197,4Ery,
W37346,9.109431,4.173103,3Ery,
W37347,2.3271272,4.775421,6Ery,
W37348,-8.4746,9.730914,15Mo,
W37349,-1.7556982,6.513358,17Neu,
W37350,-6.196678,8.017451,14Mo,
W37353,8.265685,4.0571184,4Ery,
W37354,-4.93917,5.6651306,9GMP,
W37355,0.27252144,5.377986,7MEP,
W37356,-0.1792005,4.3666153,7MEP,7MEP
W37357,-8.409734,9.497157,14Mo,
W37358,-6.5013294,6.4420652,13Baso,
W37361,6.7789783,3.558134,4Ery,
W37362,-2.664965,5.864669,13Baso,
W37363,-7.4420886,7.2352476,14Mo,
W37364,6.7274365,5.195734,3Ery,
W37365,7.918083,6.983795,2Ery,
W37366,7.822709,2.6917224,3Ery,3Ery
W37367,-8.08659,7.736306,14Mo,
W37369,5.5782375,3.4554465,6Ery,
W37371,7.1529574,6.6652102,2Ery,
W37372,-5.764362,6.330784,10GMP,
W37373,-6.0997868,7.031361,13Baso,
W37374,4.3274293,4.693126,5Ery,
W37375,0.7465358,4.576091,7MEP,
W37376,-7.7280736,7.1123476,13Baso,
W37377,7.9433947,5.879124,3Ery,
W37378,7.9469223,6.072407,2Ery,
W37379,-6.184121,7.8196254,14Mo,
W37380,7.5214167,5.3761044,3Ery,
W37381,6.719037,6.401728,2Ery,
W37382,-0.46828836,4.346892,10GMP,
W37384,-9.004553,7.5051928,13Baso,
W37385,-8.291619,7.318504,14Mo,
W37386,6.7753544,4.610242,4Ery,
W37387,4.8093934,5.95936,5Ery,
W37388,-2.761388,7.8655634,18Eos,
W37389,4.943076,6.505018,2Ery,
W37390,-6.941669,9.993802,14Mo,
W37391,8.270228,3.0937018,3Ery,3Ery
W37392,-5.3368545,6.643661,13Baso,
W37393,5.4618316,4.687091,5Ery,
W37394,-2.5797389,7.490351,12Baso,
W37395,3.1751459,5.5809116,5Ery,
W37396,7.444522,5.159362,2Ery,
W37397,-0.8689811,4.6417956,7MEP,
W37398,2.5463517,5.0715585,5Ery,
W37399,-6.720363,10.959617,16Neu,
W37401,-8.823652,9.674295,15Mo,
W37402,-3.0038574,8.132131,14Mo,
W37403,6.710558,5.4270716,5Ery,
W37405,-7.636264,9.955704,16Neu,
W37406,7.0944467,5.9883647,2Ery,
W37407,8.407107,6.160387,2Ery,
W37409,4.6731586,4.2461324,6Ery,
W37410,7.6742625,6.2331,2Ery,
W37411,6.913881,5.47303,5Ery,
W37412,-5.4667435,7.2407413,14Mo,
W37413,8.592837,5.0992246,2Ery,
W37414,6.8210907,2.693111,3Ery,
W37415,6.4497128,3.8327549,5Ery,
W37417,-8.066237,10.658009,16Neu,15Mo
W37418,-5.6720304,5.759982,10GMP,
W37419,-5.645615,8.029293,14Mo,
W37420,8.347654,6.877011,1Ery,
W37421,7.5099006,6.8888392,2Ery,
W37422,8.851448,3.617967,3Ery,3Ery
W37424,-6.8816786,10.728947,15Mo,
W37425,0.34241414,6.051909,7MEP,
W37426,6.0859723,5.467032,4Ery,
W37427,-0.37048155,5.0613956,7MEP,7MEP
W37428,4.630674,5.1748304,5Ery,
W37429,6.1042895,5.4617057,2Ery,
W37430,-6.392833,6.0953846,13Baso,
W37431,-8.219997,8.342389,14Mo,
W37432,-7.923467,8.0373955,15Mo,
W37433,8.387011,4.780604,2Ery,
W37434,-6.354806,9.010142,14Mo,
W37435,4.1378384,4.2733746,6Ery,
W37436,-4.950799,6.6739554,12Baso,
W37437,8.02009,5.047433,2Ery,
W37439,-2.8848956,3.6525707,19Lymph,19Lymph
W37442,3.526246,4.0961795,6Ery,
W37443,-8.949053,8.339089,14Mo,
W37446,1.5513467,5.3143096,6Ery,
W37449,-1.6230447,6.2130475,17Neu,
W37450,4.913923,4.1222467,6Ery,
W37451,-0.19657856,4.0808845,6Ery,
W37452,-2.4055593,5.888074,9GMP,
W37453,7.392626,3.645587,3Ery,
W37454,-7.8543367,8.082126,14Mo,
W37455,4.976217,3.2588813,6Ery,
W37456,-8.881872,9.203193,15Mo,
W37457,-7.2990847,9.3916855,15Mo,
W37458,-7.928115,6.977039,13Baso,
W37459,8.026313,4.692301,3Ery,
W37460,-5.756034,10.978703,16Neu,
W37461,-0.1701754,4.421459,7MEP,
W37462,8.265381,2.6446774,3Ery,3Ery
W37463,-8.702275,8.293581,13Baso,
W37465,8.539214,4.4153786,3Ery,
W37466,-6.5123005,7.906923,14Mo,
W37467,-8.055156,7.171239,14Mo,
W37468,-0.45027938,7.5511475,8Mk,
W37469,-6.2460537,11.262261,16Neu,
W37470,-6.569506,9.585972,14Mo,
W37471,-2.236967,7.373305,17Neu,
W37473,8.918461,4.1109695,3Ery,
W37474,4.6385818,5.567193,5Ery,
W37475,-3.4129717,6.552751,10GMP,
W37476,-6.751204,11.1690855,16Neu,
W37477,6.357242,5.6908746,2Ery,
W37478,-4.658768,8.421848,14Mo,
W37479,3.0783463,4.9033184,6Ery,
W37480,-8.178316,7.387079,14Mo,
W37481,-8.866838,7.422647,13Baso,
W37482,4.9833617,4.94753,5Ery,
W37483,-1.4820083,7.51902,10GMP,
W37484,-0.021592582,4.2321105,7MEP,7MEP
W37485,5.7525125,6.8712063,2Ery,
W37486,6.327117,6.478403,2Ery,
W37487,8.031146,6.025667,2Ery,
W37488,-8.543102,8.739581,14Mo,
W37489,1.7008473,5.131836,7MEP,
W37490,-0.579384,7.4501314,8Mk,
W37491,-6.0706773,7.8189015,14Mo,
W37492,6.578176,7.168676,2Ery,
W37493,6.669631,6.4084177,2Ery,
W37494,-5.071054,7.4848237,14Mo,
W37496,-7.459883,6.8883033,13Baso,
W37497,0.50948596,6.712285,7MEP,
W37498,8.910819,3.660163,4Ery,3Ery
W37499,-7.122164,7.688725,13Baso,
W37500,-4.5980296,8.191676,13Baso,
W37501,4.134354,5.586582,5Ery,
W37502,7.180246,6.6789594,2Ery,
W37503,-1.4638499,5.365195,18Eos,
W37504,-7.812719,9.965539,15Mo,
W37505,5.8339515,3.8610158,5Ery,
W37506,0.054015663,4.207047,7MEP,
W37507,7.377571,7.1814365,2Ery,
W37508,-7.4983406,7.109589,13Baso,
W37509,-5.6598525,8.5793,14Mo,
W37510,1.5353354,4.9925795,6Ery,
W37511,5.090275,4.378488,5Ery,
W37512,6.6729712,4.377253,4Ery,
W37514,-6.41401,6.5927525,13Baso,
W37515,0.5460621,5.4291744,7MEP,
W37516,3.346682,5.526957,5Ery,
W37517,5.6447988,5.4823256,5Ery,
W37518,-3.2354486,6.182421,10GMP,
W37519,-7.3163824,10.771365,16Neu,
W37520,7.8869224,4.1035504,2Ery,
W37521,-7.5964785,9.467272,14Mo,
W37522,7.7893405,3.773153,3Ery,
W37523,7.039451,5.332884,2Ery,
W37524,-5.4272532,6.227995,10GMP,
W37525,-6.9025097,11.157858,16Neu,
W37526,-0.19693854,6.137868,8Mk,
W37527,3.241121,4.5877223,6Ery,
W37528,-8.264877,9.031892,15Mo,
W37529,5.7460256,4.2259583,5Ery,
W37530,-4.4902296,7.1846666,10GMP,
W37531,0.5262484,4.534107,7MEP,
W37532,-6.9283295,7.266699,14Mo,
W37533,-2.53882,3.869072,19Lymph,19Lymph
W37534,8.258481,4.4378505,2Ery,
W37535,-7.397457,10.514472,15Mo,
W37537,8.109041,4.227964,3Ery,
W37538,3.8087914,4.756952,6Ery,
W37539,9.015554,5.7801685,1Ery,
W37540,8.608612,4.175675,2Ery,
W37541,8.911852,4.000248,3Ery,
W37542,8.097125,3.4346647,4Ery,
W37545,4.2497463,4.0789037,6Ery,
W37546,-6.8243155,6.5350018,13Baso,
W37548,7.416398,3.8891096,3Ery,
W37549,5.4094787,4.1671734,5Ery,
W37551,-3.2353067,8.306231,14Mo,
W37552,-8.389687,8.428458,13Baso,
W37553,-6.880724,6.8912597,13Baso,
W37554,7.8885384,3.6739087,3Ery,
W37555,6.379622,4.2249312,4Ery,
W37557,0.25622076,4.885032,7MEP,
W37558,-3.2266166,6.3999586,10GMP,
W37559,-5.116111,2.7392,11DC,11DC
W37561,8.197431,3.9500933,3Ery,
W37562,-6.018018,7.9392557,13Baso,
W37563,7.056777,5.938661,2Ery,
W37564,-5.1999364,6.972656,13Baso,
W37565,7.9268126,4.379345,2Ery,
W37566,7.194919,3.7534196,4Ery,
W37567,-3.1800163,5.8313084,10GMP,
W37568,-7.632116,10.8890915,16Neu,
W37569,-4.2602744,8.227399,14Mo,
W37570,-7.2444553,10.912184,16Neu,
W37572,-2.256964,6.6736274,10GMP,
W37573,6.0250688,6.126628,2Ery,
W37574,8.123148,6.19002,2Ery,
W37575,3.291411,4.517032,6Ery,
W37577,8.55913,3.448222,3Ery,3Ery
W37578,-8.067598,7.9509068,14Mo,
W37579,-4.776308,8.391494,14Mo,
W37580,-6.0120316,10.429186,15Mo,
W37581,-5.281527,6.7283673,10GMP,
W37582,-5.380014,7.837181,13Baso,
W37583,6.830379,3.8902187,3Ery,
W37584,0.69439805,5.569707,7MEP,
W37585,-8.242566,7.201691,13Baso,
W37586,7.7306995,7.0981483,2Ery,
W37587,-7.3736415,7.8428965,14Mo,
W37588,-7.1308923,7.3796005,14Mo,
W37589,-6.649234,8.136887,15Mo,
W37591,7.409407,4.5831122,4Ery,
W37593,-7.740437,10.209911,15Mo,
W37594,-7.180301,7.0756574,14Mo,
W37595,-2.4623048,5.6612115,10GMP,
W37596,-4.0201154,6.967408,13Baso,
W37597,-7.0764174,10.460929,16Neu,
W37599,-0.42341512,7.305499,8Mk,
W37601,-7.1952567,7.0049634,13Baso,
W37602,5.082047,4.4292083,5Ery,
W37603,3.39263,5.41169,6Ery,
W37604,-6.078179,7.624339,14Mo,
W37605,6.36181,5.835831,2Ery,
W37606,3.9819183,4.228083,6Ery,
W37607,7.406588,2.7039633,3Ery,
W37608,-3.6145034,7.3586645,14Mo,
W37609,3.3106418,4.9155307,7MEP,
W37610,-0.04263604,4.9030275,7MEP,7MEP
W37611,-7.1155906,7.4648814,14Mo,
W37612,4.1256704,6.107703,5Ery,
W37613,-6.563961,7.091269,13Baso,
W37614,6.9064374,6.2070975,2Ery,
W37615,-6.5501795,10.73801,16Neu,
W37617,1.2712448,5.349384,12Baso,
W37618,-7.476824,8.982482,14Mo,
W37619,-0.5007263,6.7546754,8Mk,
W37620,6.637358,4.695318,4Ery,
W37621,7.6318665,3.1595757,3Ery,
W37622,7.8204947,3.8342862,2Ery,
W37624,-8.20639,7.5511775,14Mo,
W37625,-1.9637936,5.6745276,7MEP,
W37626,-2.750095,4.061339,19Lymph,19Lymph
W37627,-1.107103,7.4515133,7MEP,
W37628,-1.9653655,6.406916,10GMP,
W37629,-5.5582995,7.253644,13Baso,
W37630,8.169118,6.5186124,2Ery,
W37631,8.265395,6.138288,2Ery,
W37633,8.379157,4.114784,3Ery,
W37634,7.5564895,3.187071,3Ery,
W37635,3.3374946,5.6570473,6Ery,
W37642,-0.120996974,5.3323956,7MEP,
W37644,-0.8201454,6.604297,8Mk,
W37650,1.2896528,4.2820387,2Ery,
W37651,9.38072,5.894486,1Ery,
W37653,-3.370893,6.5052223,9GMP,
W37654,-9.065881,7.6011934,13Baso,
W37657,-4.6038504,8.930645,15Mo,
W37658,3.2164915,4.7783613,6Ery,
W37660,-8.252759,8.028722,13Baso,
W37661,8.795059,4.572333,3Ery,
W37663,-7.7326527,11.387543,16Neu,15Mo
W37664,-7.712973,7.6306977,14Mo,
W37665,5.8027134,5.6979556,5Ery,
W37666,0.17643489,4.9032435,7MEP,
W37667,-6.9504466,8.147016,13Baso,
W37668,6.2614503,3.8943343,4Ery,
W37669,-6.836058,8.274824,13Baso,
W37670,8.437878,4.554201,2Ery,
W37673,-6.270795,9.804707,15Mo,
W37674,-1.31274,4.8471646,7MEP,
W37675,8.700572,5.1336207,3Ery,
W37676,-4.3586464,6.287047,10GMP,
W37680,-8.097527,7.3742595,13Baso,
W37682,7.5363507,4.4363713,3Ery,
W37683,9.273425,5.67826,1Ery,
W37684,-7.027755,8.439275,13Baso,
W37685,-5.3292594,6.9440274,13Baso,
W37686,1.05483,5.4571967,7MEP,
W37687,-5.9082394,9.534071,16Neu,
W37689,-7.936855,8.127561,14Mo,
W37691,9.2041,3.8089428,3Ery,3Ery
W37692,8.912573,5.193435,2Ery,
W37693,8.736713,5.596207,1Ery,
W37694,-7.181107,7.376007,13Baso,
W37696,-8.181816,10.53502,15Mo,15Mo
W37698,-0.52352613,7.653165,8Mk,
W37699,9.173365,5.0750813,2Ery,
W37700,-7.738088,7.8981595,14Mo,
W37701,-7.115363,8.219511,14Mo,
W37702,-5.485135,8.053785,14Mo,
W37704,-4.817563,6.5432205,9GMP,
W37706,-7.2707686,8.139778,14Mo,
W37707,-4.546969,8.931039,14Mo,
W37708,7.686602,5.9724813,2Ery,
W37709,0.29879177,4.688103,7MEP,
W37710,8.880049,4.8401475,2Ery,
W37711,-6.126807,11.000303,16Neu,
W37712,-6.1322775,5.9038944,10GMP,
W37713,2.8867414,5.188252,6Ery,
W37714,8.8863325,4.9442797,2Ery,
W37715,-6.0250807,8.903972,15Mo,
W37716,-6.0161304,9.23686,14Mo,
W37717,-7.948643,10.777237,15Mo,15Mo
W37718,5.8808975,4.296012,3Ery,
W37719,-2.7038412,7.933982,12Baso,
W37720,8.80577,4.965591,2Ery,
W37721,-6.745907,6.319621,13Baso,
W37722,-6.573062,7.6908317,13Baso,
W37723,-0.19831768,4.948197,7MEP,7MEP
W37724,4.1296797,4.4513826,6Ery,
W37725,6.4789653,3.7128332,5Ery,
W37726,4.978049,6.819223,2Ery,
W37727,-2.9190133,4.1432953,19Lymph,19Lymph
W37728,-6.3788757,8.982491,14Mo,
W37729,-1.0979123,5.3209534,12Baso,
W37730,7.724859,6.0685368,2Ery,
W37731,-7.27276,11.288477,16Neu,
W37737,6.669811,4.0526896,4Ery,
W37738,3.0613413,5.2850647,6Ery,
W37739,-6.5454926,6.6106734,13Baso,
W37745,5.687705,4.735843,4Ery,
W37746,8.399932,4.91876,2Ery,
W37747,7.38669,5.426815,4Ery,
W37748,-3.957771,9.098424,15Mo,
W37753,9.65284,5.141886,1Ery,
W37754,-8.341814,10.408089,15Mo,15Mo
W37756,-4.9033084,7.036444,13Baso,
W37758,-5.9095125,8.978225,15Mo,
W37759,4.7207274,6.776786,3Ery,
W37761,4.6807127,4.377063,6Ery,
W37762,-1.4644223,5.154567,12Baso,
W37763,-1.857445,6.8180466,12Baso,
W37764,-3.9711823,7.924531,13Baso,
W37765,4.7396116,4.903797,5Ery,
W37766,-3.6810412,8.845631,16Neu,
W37769,6.1379933,4.18834,6Ery,
W37770,-7.235175,7.638071,13Baso,
W37771,9.140009,4.8594623,2Ery,
W37772,-8.319107,8.101047,14Mo,
W37776,4.060872,6.1277676,3Ery,
W37777,-6.3542895,8.484786,14Mo,
W37778,-0.53189796,6.646522,8Mk,
W37779,7.073089,7.7243047,2Ery,
W37780,-3.7634122,5.869789,9GMP,
W37781,5.3693457,4.2522945,4Ery,
W37782,6.627527,2.7989368,3Ery,
W37786,6.6129904,4.466238,3Ery,
W37788,-6.277511,8.300875,14Mo,
W37790,5.709136,7.187676,2Ery,
W37793,-5.1007,6.45956,10GMP,
W37794,-6.389792,11.473595,16Neu,
W37795,3.8361173,5.2522283,6Ery,
W37796,-7.729832,7.9568458,14Mo,
W37797,-6.526345,11.266693,16Neu,
W37798,6.672776,4.2939205,5Ery,
W37799,-2.5471199,6.18668,10GMP,
W37800,-6.1157417,8.888879,16Neu,
W37801,-1.5964875,7.0337887,12Baso,
W37802,-4.9132466,2.5738235,11DC,11DC
W37803,-7.4205456,9.533786,15Mo,
W37804,6.7967296,6.164794,2Ery,
W37805,-7.4735427,7.1113405,13Baso,
W37806,-0.20795612,4.4232006,7MEP,
W37807,-6.247189,7.580002,13Baso,
W37809,-5.9962363,7.4129715,13Baso,
W37811,7.7158813,6.0227327,2Ery,
W37812,5.7810636,3.3907309,6Ery,
W37813,-7.228745,8.2039175,14Mo,
W37817,5.2809863,6.0756226,5Ery,
W37818,-6.1487627,11.066845,16Neu,
W37819,4.686742,5.4375863,5Ery,
W37820,4.2890153,4.6918993,6Ery,
W37821,-1.669867,4.985404,18Eos,
W37822,-7.4334264,7.767468,14Mo,
W37825,-7.8184695,7.7843256,14Mo,
W37826,-8.1675415,7.1976695,13Baso,
W37828,-7.9223337,11.122315,15Mo,15Mo
W37830,1.6596082,4.1708894,2Ery,
W37833,9.334539,4.4187646,2Ery,
W37835,-6.6463647,6.1309853,13Baso,
W37838,1.6201046,4.276744,3Ery,
W37841,8.220014,5.564866,2Ery,
W37842,-6.559307,8.8442135,15Mo,
W37843,-2.6547146,7.268367,12Baso,
W37844,2.6735425,5.2731175,7MEP,
W37847,0.9192163,3.9926102,3Ery,
W37848,1.3098977,4.0958476,4Ery,
W37849,-8.054125,10.429925,15Mo,
W37850,-7.8433743,7.7641945,14Mo,
W37851,7.761035,4.1726966,4Ery,
W37852,8.062892,5.135717,4Ery,
W37853,-6.39592,7.81647,13Baso,
W37854,-1.3277861,5.550232,9GMP,
W37857,-1.3565562,5.153868,12Baso,
W37858,8.508414,5.1248045,2Ery,
W37859,5.7448115,4.4476376,4Ery,
W37860,-1.1902608,7.234888,9GMP,
W37861,-6.968142,11.638089,16Neu,
W37863,-4.67101,9.930347,16Neu,
W37864,6.7084846,6.5617766,2Ery,
W37865,8.859036,5.41088,2Ery,
W37866,-7.226464,11.4094,16Neu,
W37867,1.2233135,5.4183025,7MEP,
W37868,-5.7739396,8.393779,14Mo,
W37870,-2.208226,6.013512,14Mo,
W37872,-7.3328743,8.559271,14Mo,
W37873,5.7796617,5.4778175,5Ery,
W37874,6.2606654,4.8716526,5Ery,
W37875,8.58916,4.7960844,3Ery,
W37876,7.866701,3.993032,3Ery,
W37878,6.8516655,7.211036,2Ery,
W37879,-4.637963,9.67092,18Eos,
W37880,-7.0833254,7.9037933,14Mo,
W37881,8.373379,4.562917,3Ery,
W37882,-7.689686,8.331741,14Mo,
W37883,-5.7268195,9.677655,14Mo,
W37885,-1.3125672,5.0232987,12Baso,
W37886,-6.2009068,8.834896,14Mo,
W37887,7.2557464,3.72185,4Ery,
W37888,8.783972,3.014097,3Ery,3Ery
W37889,-8.112368,8.140908,14Mo,
W37890,0.4343115,5.0378184,7MEP,
W37891,1.6116147,5.199464,5Ery,
W37892,-2.7526932,7.683737,12Baso,
W37893,7.9224267,4.568148,2Ery,
W37894,-4.841522,8.481214,15Mo,
W37895,-5.3607745,10.038272,14Mo,
W37896,8.569332,4.213562,3Ery,
W37898,-5.121057,9.431838,14Mo,
W37899,7.8234377,6.289487,2Ery,
W37900,7.4852247,4.3619814,3Ery,
W37901,7.9565606,6.4252133,2Ery,
W37902,-6.5941935,11.621026,16Neu,
W37903,1.0625161,5.1322937,7MEP,
W37904,8.571057,5.9956975,2Ery,
W37906,-4.4159393,6.018359,10GMP,
W37907,-1.4115849,5.0382586,7MEP,
W37908,1.977607,4.6444106,5Ery,
W37909,1.5853755,4.811388,5Ery,
W37910,-5.761381,6.53964,13Baso,
W37913,0.9900911,4.7350903,6Ery,
W37914,0.35203227,4.58582,7MEP,
W37915,7.596453,3.501368,3Ery,
W37916,-1.1825453,5.726486,10GMP,
W37917,6.5470066,5.1733603,5Ery,
W37918,5.5114107,4.7835927,5Ery,
W37919,7.5912075,7.339872,1Ery,
W37921,-7.7760744,6.824367,13Baso,
W37922,-6.6610303,9.550965,15Mo,
W37923,4.7377,4.7679577,3Ery,
W37924,2.280758,5.2152724,6Ery,
W37929,-8.007459,8.928285,14Mo,
W37930,-4.9788337,2.6061041,11DC,11DC
W37935,6.4456277,5.164877,3Ery,
W37937,7.03868,3.9819794,3Ery,
W37938,8.9263935,4.63718,3Ery,
W37939,-6.9487343,11.122153,16Neu,
W37940,5.4386983,4.2226543,3Ery,
W37941,-6.232636,5.85885,9GMP,
W37942,-4.7244763,9.049709,14Mo,
W37943,-1.2333521,5.222149,12Baso,
W37945,-1.4453744,5.8190184,9GMP,
W37946,-6.825216,8.041737,14Mo,
W37948,-7.1835833,8.735011,14Mo,
W37951,-0.62831336,6.001675,8Mk,
W37952,4.570858,6.498145,5Ery,
W37953,-5.1515574,9.907285,15Mo,
W37954,-6.4645214,9.17941,15Mo,
W37955,9.210391,4.8472786,3Ery,
W37956,-6.6457253,10.705396,16Neu,
W37957,-4.1708255,8.995504,15Mo,
W37959,5.829625,6.33504,4Ery,
W37960,5.425532,6.181367,3Ery,
W37961,-0.4428784,7.1888227,8Mk,
W37962,-7.726574,9.548381,15Mo,
W37963,-5.9406953,9.499446,14Mo,
W37964,4.3787723,6.0799675,5Ery,
W37965,3.9779255,5.799178,3Ery,
W37967,1.2119339,3.9975786,4Ery,
W37969,7.007004,6.065518,2Ery,
W37970,-0.747696,6.843695,8Mk,
W37971,0.23563367,5.3631454,7MEP,
W37972,-5.798903,6.1568184,10GMP,
W37974,-5.628901,10.333202,15Mo,
W37975,-8.064664,8.279493,14Mo,
W37977,-4.4935684,7.947298,13Baso,
W37978,8.426944,4.481731,3Ery,
W37979,-0.21058923,5.197772,7MEP,
W37980,8.404277,6.466417,2Ery,
W37982,-8.413895,7.7240076,13Baso,
W37983,1.1990602,3.9361844,2Ery,
W37984,-5.2616687,6.117071,10GMP,
W37985,9.260151,5.93009,2Ery,
W37986,8.889812,5.8161163,2Ery,
W37988,8.436925,5.767849,2Ery,
W37989,-2.3750184,7.3872447,12Baso,
W37990,-7.4581146,8.390516,14Mo,
W37991,9.398895,5.517918,1Ery,
W37992,-3.7976017,7.6316357,14Mo,
W37993,-4.63025,9.290778,14Mo,
W37994,9.383659,5.347708,2Ery,
W37995,-7.216211,9.220328,14Mo,
W37996,-6.7547636,11.676389,16Neu,
W37997,-6.8397593,7.8946357,14Mo,
W38000,-0.5419824,6.3280964,8Mk,
W38001,-5.4794445,9.445777,16Neu,
W38002,-6.3971267,11.252479,16Neu,
W38003,7.7454176,7.0257626,2Ery,
W38004,-0.89663345,7.194919,8Mk,
W38005,6.923088,3.9920042,5Ery,
W38006,4.1626964,4.4212613,6Ery,
W38007,-2.631834,3.6885335,19Lymph,19Lymph
W38008,-4.3651834,9.178222,15Mo,
W38009,-3.7357116,7.5018625,13Baso,
W38010,5.0336943,4.7479315,5Ery,
W38011,-7.86502,8.520437,14Mo,
W38012,6.3149853,5.0393314,5Ery,
W38013,3.4401753,5.2444277,6Ery,
W38014,-6.5654225,11.32451,16Neu,
W38017,8.591359,2.8459244,3Ery,3Ery
W38018,-8.688749,9.696852,15Mo,
W38019,1.3150085,5.15425,7MEP,
W38020,0.7744259,5.4472513,7MEP,
W38021,-8.96809,7.803288,10GMP,
W38022,-8.701376,7.8398137,14Mo,
W38023,8.698633,3.5174232,3Ery,
W38025,6.619536,4.235267,4Ery,
W38026,-8.230278,7.1531835,13Baso,
W38027,-8.04009,9.214622,15Mo,
W38028,-5.250106,2.7404637,11DC,11DC
W38030,-2.306458,7.039063,17Neu,
W38031,5.780144,4.300864,4Ery,
W38032,5.4014482,3.658836,6Ery,
W38033,8.920175,4.3196526,3Ery,
W38034,8.43753,2.798611,3Ery,3Ery
W38035,-0.09063429,4.5861793,7MEP,
W38036,-0.66450465,7.39216,8Mk,
W38037,3.373883,4.335761,6Ery,
W38038,-1.1120834,4.4782057,11DC,
W38039,-7.8700666,10.769179,16Neu,15Mo
W38040,7.965906,2.7734313,3Ery,
W38041,-8.545545,7.0970263,14Mo,
W38042,7.187008,4.0222726,4Ery,
W38043,7.9373803,3.4372728,4Ery,
W38044,-5.146983,2.6851776,11DC,11DC
W38045,3.4264874,4.7439284,3Ery,
W38046,-8.882184,7.702341,14Mo,
W38047,-8.138338,8.30765,15Mo,
W38048,8.591765,2.8012586,3Ery,3Ery
W38049,-5.572243,5.950609,10GMP,
W38050,4.1356463,3.925998,6Ery,
W38051,7.3105183,5.8672543,2Ery,
W38052,-7.225565,10.767605,16Neu,
W38053,-6.976084,9.9555435,15Mo,
W38054,0.36811754,5.9267206,7MEP,
W38055,8.120849,2.806261,3Ery,3Ery
W38056,-4.2737927,6.812807,10GMP,
W38057,8.124022,2.6667066,3Ery,3Ery
W38058,-7.037407,7.4600286,14Mo,
W38059,-0.13081048,4.896678,7MEP,7MEP
W38060,5.618879,4.870556,6Ery,
W38061,-5.3893566,6.079801,10GMP,
W38062,-4.4692984,5.9569116,10GMP,
W38063,8.878695,3.5916119,3Ery,
W38064,-0.492831,4.59463,7MEP,
W38065,9.046087,4.228485,2Ery,
W38066,7.3679447,4.7403903,4Ery,
W38067,0.59543306,4.8015156,7MEP,
W38068,-5.009715,6.7725015,13Baso,
W38069,4.394344,4.188095,6Ery,
W38070,-5.769968,9.578837,15Mo,
W38071,-0.16843258,6.3897786,8Mk,
W38072,-5.772083,6.0918436,10GMP,
W38073,6.604368,2.923482,4Ery,
W38074,7.5561247,4.2719746,4Ery,
W38075,7.291518,2.809755,3Ery,
W38076,3.2254996,4.720305,7MEP,
W38077,8.393999,6.6312885,2Ery,
W38078,-7.273866,11.111779,16Neu,
W38079,6.475509,4.702332,3Ery,
W38080,7.1900883,2.7164745,3Ery,
W38081,5.4016514,3.867153,6Ery,
W38082,2.6830597,4.7851114,6Ery,
W38083,0.31558123,4.2585683,7MEP,
W38084,6.5952163,3.7450159,4Ery,
W38085,-7.808455,10.452846,16Neu,
W38086,8.295014,5.188026,2Ery,
W38087,-6.435441,6.2456074,13Baso,
W38088,-3.6494129,6.2575336,10GMP,
W38090,7.7014074,4.3857346,3Ery,
W38091,7.9959893,2.8454328,3Ery,3Ery
W38092,-3.9846625,6.6012197,10GMP,
W38093,3.0476193,4.7701674,6Ery,
W38094,-5.378119,7.111691,14Mo,
W38095,-8.651726,9.748189,15Mo,
W38096,0.5512371,5.5617704,7MEP,
W38097,-4.497599,7.318918,13Baso,
W38098,-6.714777,7.634443,14Mo,
W38100,-7.321424,7.441836,14Mo,
W38101,-6.1545796,7.7372665,14Mo,
W38102,7.608502,5.5824447,2Ery,
W38103,-5.533352,10.284297,16Neu,
W38104,0.74274075,4.8933587,7MEP,
W38105,-7.5835857,8.572199,14Mo,
W38106,-6.5247912,6.087498,10GMP,
W38107,-8.34061,7.6925864,14Mo,
W38108,2.8662994,4.626576,6Ery,
W38109,-8.922946,8.108847,14Mo,
W38110,-6.517239,11.264512,16Neu,
W38111,7.772987,4.6887093,2Ery,
W38112,-5.5776987,6.161588,10GMP,
W38113,-5.260207,10.665071,16Neu,
W38114,-3.2782085,7.7065964,14Mo,
W38115,-6.965807,6.948693,14Mo,
W38116,4.8944993,5.019065,5Ery,
W38117,-2.4205823,7.678276,12Baso,
W38118,7.308365,4.501156,4Ery,
W38119,9.007229,3.5615165,3Ery,3Ery
W38121,-6.5744243,6.2017655,13Baso,
W38123,8.091253,5.395855,2Ery,
W38124,6.399611,5.076629,4Ery,
W38125,5.1118784,4.6933823,4Ery,
W38126,5.9271154,6.2725596,3Ery,
W38127,5.8611054,3.9167745,3Ery,
W38128,-6.8296113,6.529938,13Baso,
W38129,-1.0608175,4.596516,12Baso,
W38130,-6.7173905,8.198007,14Mo,
W38131,-6.880278,11.430869,16Neu,
W38132,5.1689415,4.643617,3Ery,
W38133,4.8365326,4.934881,5Ery,
W38134,1.7814733,5.376075,6Ery,
W38135,-0.62583315,4.2966037,7MEP,
W38136,7.2580366,3.4293017,4Ery,
W38137,6.3295074,4.1269584,4Ery,
W38138,7.0196266,4.96513,5Ery,
W38140,-6.159203,8.222714,14Mo,
W38141,-5.2178073,7.645584,14Mo,
W38142,7.3765926,6.99253,2Ery,
W38143,0.45218953,5.32203,12Baso,
W38144,8.5975065,3.2947834,3Ery,3Ery
W38145,5.9448624,6.1958804,5Ery,
W38146,7.1306386,6.3222594,2Ery,
W38147,7.629021,7.1773324,2Ery,
W38148,-5.516396,11.27882,16Neu,
W38149,-0.38872692,5.1941037,7MEP,
W38150,4.953628,6.157236,5Ery,
W38151,7.416503,7.026534,2Ery,
W38152,-0.3323023,4.233749,7MEP,
W38153,4.7169704,4.085706,3Ery,
W38154,5.2340007,5.3495283,4Ery,
W38155,7.859747,5.5105247,2Ery,
W38156,4.7572722,5.0497437,5Ery,
W38157,-3.1767685,6.457409,10GMP,
W38158,8.230895,6.8586197,1Ery,
W38159,-1.4313287,4.9508715,10GMP,
W38160,-4.7935023,2.4761913,11DC,11DC
W38161,-6.916947,8.250994,16Neu,
W38162,6.6396117,4.8746724,2Ery,
W38163,7.9722137,5.6817317,2Ery,
W38164,7.477851,7.4407663,2Ery,
W38165,4.5797343,6.452774,5Ery,
W38166,4.983386,5.476666,5Ery,
W38167,-6.3715086,7.9776435,14Mo,
W38168,-7.804369,8.20355,14Mo,
W38169,-7.9364314,10.65135,16Neu,15Mo
W38170,-0.54839635,6.061299,10GMP,
W38171,-7.367508,7.750514,14Mo,
W38172,-7.1678987,8.426314,14Mo,
W38173,6.5586514,5.864445,4Ery,
W38175,9.000127,5.1946306,2Ery,
W38176,5.255651,3.715998,6Ery,
W38177,8.000186,6.6059227,2Ery,
W38178,-2.7817514,3.6425078,19Lymph,19Lymph
W38180,-6.921359,10.713178,16Neu,
W38181,7.4893613,7.354407,1Ery,
W38182,-4.9346876,7.387418,13Baso,
W38183,8.049234,4.711622,3Ery,
W38184,-8.3024645,9.341271,15Mo,
W38185,6.823252,4.610125,3Ery,
W38186,6.0507083,5.1081033,5Ery,
W38187,7.9981194,5.647473,2Ery,
W38188,7.238328,7.2964773,2Ery,
W38189,-6.322563,11.482941,16Neu,
W38190,6.4442997,4.408589,4Ery,
W38191,-2.3600287,7.3535886,12Baso,
W38192,7.773788,5.3174663,3Ery,
W38193,-0.19875735,6.6712866,12Baso,
W38194,-7.7400413,8.8196335,14Mo,
W38195,-6.8043504,10.227192,15Mo,
W38196,-6.271753,7.7586303,14Mo,
W38197,-3.935403,6.1169744,10GMP,
W38198,4.0606694,4.7793317,6Ery,
W38199,-3.1147077,7.3900757,12Baso,
W38200,7.8514233,5.1634197,2Ery,
W38201,7.8195963,4.052161,3Ery,
W38202,5.730315,5.2274575,4Ery,
W38203,-0.013484624,5.1464443,7MEP,
W38204,7.3418274,4.879733,4Ery,
W38205,-8.569793,9.096493,15Mo,
W38206,8.560809,5.047326,2Ery,
W38207,-1.5444617,4.7508965,7MEP,
W38208,-6.839952,9.927226,14Mo,
W38209,7.4856753,2.9887755,3Ery,
W38210,-8.410934,7.38621,13Baso,
W38211,8.891509,3.762023,3Ery,
W38212,-7.1761236,10.329707,15Mo,
W38213,-8.320674,9.94217,15Mo,
W38214,-9.210306,7.497861,13Baso,
W38215,-8.320082,7.8045115,14Mo,
W38217,9.471977,4.335271,4Ery,
W38218,-8.603419,7.505264,14Mo,
W38219,1.8517754,5.504558,6Ery,
W38220,7.245825,2.8306155,3Ery,
W38221,-7.51201,7.03775,14Mo,
W38222,1.0550274,6.172865,8Mk,
W38223,-0.54524255,6.076736,8Mk,
W38224,0.342488,4.7500505,7MEP,
W38225,-8.639525,10.19498,15Mo,15Mo
W38226,-6.698164,10.470743,15Mo,
W38227,-6.7316246,6.298154,13Baso,
W38228,-8.374807,10.868636,16Neu,15Mo
W38229,2.1394162,5.1272783,6Ery,
W38230,9.191253,4.16319,3Ery,
W38231,8.679114,5.21469,2Ery,
W38232,-8.263069,8.447943,13Baso,
W38233,8.185321,4.084219,3Ery,
W38234,7.854902,3.0496795,3Ery,
W38235,-8.801679,7.221926,13Baso,
W38236,-5.3670483,2.9626734,11DC,11DC
W38237,-4.6304035,6.2252192,10GMP,
W38238,7.3537464,3.5863264,4Ery,
W38239,8.314831,6.482144,2Ery,
W38240,1.8727411,5.748033,7MEP,
W38241,-0.2943302,5.160822,7MEP,7MEP
W38242,5.3948927,4.425219,6Ery,
W38243,7.135402,4.3362226,3Ery,
W38244,-6.395087,10.458719,16Neu,
W38245,0.03273824,4.8288665,7MEP,
W38246,-7.5429096,9.046365,14Mo,
W38247,6.7067494,2.6798544,3Ery,
W38248,5.616823,4.7573643,6Ery,
W38249,-4.566721,5.8352885,9GMP,
W38250,-2.28948,7.206335,12Baso,
W38251,8.340115,3.5679152,3Ery,
W38252,-7.7638845,7.0632286,14Mo,
W38253,-4.484611,6.3251834,10GMP,
W38254,6.0090227,4.5561576,4Ery,
W38255,1.5386528,5.4581547,7MEP,
W38256,3.8575406,4.6437697,6Ery,
W38257,-6.512558,6.984726,14Mo,
W38258,-7.463398,6.956718,14Mo,
W38259,7.210509,4.948631,4Ery,
W38260,8.429059,5.1287694,3Ery,
W38261,6.9472327,4.22581,3Ery,
W38262,7.93129,5.115829,2Ery,
W38263,-8.31733,10.2903385,16Neu,15Mo
W38264,9.073802,3.8678608,3Ery,3Ery
W38266,1.8202918,4.9422135,7MEP,
W38267,-2.6033926,7.942907,18Eos,
W38268,4.8245597,3.8133998,6Ery,
W38269,-8.776755,7.0740347,13Baso,
W38270,6.073455,4.3768883,4Ery,
W38271,-3.9856474,6.6745152,10GMP,
W38272,4.844626,3.4122608,6Ery,
W38273,6.9507747,5.033416,2Ery,
W38274,-0.8482099,4.7499876,12Baso,
W38275,7.87707,6.915375,1Ery,
W38276,4.49371,4.4804254,4Ery,
W38277,-6.54732,7.099985,13Baso,
W38278,-6.405654,8.912323,14Mo,
W38279,-6.9539666,9.553023,14Mo,
W38280,-5.851346,6.69986,13Baso,
W38282,7.299984,3.8421097,3Ery,
W38283,8.734379,5.099786,3Ery,
W38284,-6.5276403,10.954303,16Neu,
W38285,-7.7198267,10.11081,15Mo,
W38286,-5.555029,7.2215514,14Mo,
W38287,6.220691,3.3976676,3Ery,
W38288,3.789126,4.552508,6Ery,
W38289,7.6417623,4.765505,2Ery,
W38290,-5.5600786,5.9892898,10GMP,
W38291,-6.779449,8.967597,14Mo,
W38292,4.4066086,4.4375615,5Ery,
W38293,6.3922496,5.247367,4Ery,
W38294,-8.001195,9.858656,15Mo,
W38295,-6.1619773,7.562597,13Baso,
W38296,-5.8739777,8.339881,15Mo,
W38297,-5.843042,8.333148,13Baso,
W38298,-5.8991075,7.0934954,14Mo,
W38299,-1.595143,5.290393,12Baso,
W38300,-6.5175962,10.555272,16Neu,
W38301,-2.803208,5.963777,13Baso,
W38302,4.1416564,5.067972,6Ery,
W38303,-6.4949684,9.900001,15Mo,
W38304,6.430773,4.879394,4Ery,
W38305,-7.3803782,9.218515,14Mo,
W38306,-4.299508,6.813457,13Baso,
W38307,-7.2041016,10.152254,15Mo,
W38308,6.669316,5.0827584,3Ery,
W38309,-1.2359186,6.6928086,10GMP,
W38310,-5.2065935,6.916096,13Baso,
W38311,7.836204,4.042145,4Ery,
W38313,0.25017273,6.1382704,8Mk,
W38314,6.914122,4.807386,3Ery,
W38315,-5.3905797,7.923544,14Mo,
W38316,-5.11755,8.412923,15Mo,
W38318,-6.079629,9.606661,16Neu,
W38319,-7.1380205,9.170603,15Mo,
W38320,-5.459183,5.740318,9GMP,
W38321,-5.982556,11.384484,16Neu,
W38322,-2.482403,7.6450787,12Baso,
W38323,-1.0704124,5.240393,10GMP,
W38324,-7.2100616,9.058133,14Mo,
W38326,-7.1994987,8.640307,14Mo,
W38327,-6.071008,8.791444,14Mo,
W38328,2.6289895,4.961383,7MEP,
W38329,-7.9050245,8.398871,15Mo,
W38330,-2.039086,6.700344,17Neu,
W38331,7.876558,5.0936236,2Ery,
W38332,-6.58898,9.661654,14Mo,
W38333,-5.489246,7.8586636,14Mo,
W38334,6.969076,3.306329,4Ery,
W38335,3.445842,5.268938,6Ery,
W38336,-8.4550905,10.367347,15Mo,15Mo
W38337,7.1954603,6.3378577,2Ery,
W38338,7.230545,5.1508784,2Ery,
W38339,3.7857485,5.886061,5Ery,
W38340,6.1497087,6.9329333,2Ery,
W38341,6.3931475,7.0828314,2Ery,
W38342,-5.64009,8.736523,14Mo,
W38343,7.175147,5.760378,2Ery,
W38344,-7.098807,7.697711,14Mo,
W38345,-6.2558513,8.474103,15Mo,
W38346,4.906084,4.783162,5Ery,
W38347,2.375197,5.248579,6Ery,
W38348,-3.3095999,6.247503,13Baso,
W38349,0.4839796,4.559941,6Ery,
W38350,-4.6797624,7.856265,13Baso,
W38351,3.422826,5.0352397,5Ery,
W38352,-8.1461315,7.510088,15Mo,
W38353,6.0596657,5.8578057,3Ery,
W38354,-2.7695165,6.860273,10GMP,
W38355,6.159834,6.6628466,2Ery,
W38356,-5.5553384,8.191482,14Mo,
W38357,5.702641,5.437189,2Ery,
W38358,-3.102957,7.6373534,14Mo,
W38359,6.937449,6.022282,2Ery,
W38360,9.051765,4.8159456,2Ery,
W38361,7.3709087,6.0496955,2Ery,
W38362,5.8154006,5.2097673,5Ery,
W38363,-6.120133,8.432777,14Mo,
W38364,7.410411,7.4927645,1Ery,
W38365,6.197847,5.396748,5Ery,
W38366,6.551988,6.3831334,4Ery,
W38367,7.370514,6.7519064,2Ery,
W38368,-3.5769625,6.5580564,10GMP,
W38369,5.6156654,5.5379343,2Ery,
W38370,5.7769747,7.004889,2Ery,
W38372,-0.0270879,3.9589877,7MEP,
W38373,7.4040055,7.521813,2Ery,
W38374,-1.2263083,4.677429,7MEP,
W38375,8.742012,7.0210514,1Ery,
W38376,0.013290556,6.961427,7MEP,
W38377,-2.19874,5.298212,9GMP,
W38379,6.8457513,6.4025927,2Ery,
W38380,-1.3466673,4.88926,17Neu,
W38381,-5.14788,7.3457446,14Mo,
W38382,-7.236692,7.534674,14Mo,
W38383,-7.6465874,7.1068106,13Baso,
W38384,-0.21643642,4.1951437,7MEP,
W38385,-5.901746,11.031288,16Neu,
W38386,6.6431274,6.2955317,2Ery,
W38387,6.794402,6.639831,2Ery,
W38388,-0.667892,4.45577,7MEP,
W38389,2.496601,5.6321206,6Ery,
W38390,-7.369084,7.8844438,14Mo,
W38391,7.158802,4.138906,4Ery,
W38392,1.5175222,4.824053,6Ery,
W38393,8.565838,5.150311,2Ery,
W38394,6.916104,5.492919,4Ery,
W38395,8.62795,5.4314713,1Ery,
W38396,5.0358906,5.660339,5Ery,
W38397,-2.6309185,3.6381252,19Lymph,19Lymph
W38398,-0.9052957,6.4550557,8Mk,
W38399,6.193544,5.3907056,4Ery,
W38400,1.7190112,4.8399134,6Ery,
W38401,-8.402943,7.1416,13Baso,
W38402,4.8541083,3.7847495,6Ery,
W38403,-8.053973,7.617172,13Baso,
W38404,-0.7134841,5.130355,7MEP,
W38405,7.9554534,2.7170632,3Ery,3Ery
W38406,8.81526,3.0941272,3Ery,3Ery
W38407,-7.520607,7.5695214,13Baso,
W38409,4.857155,3.8875928,3Ery,
W38410,-8.478725,9.487984,15Mo,
W38411,-8.071649,7.765475,14Mo,
W38412,4.7601867,4.300238,6Ery,
W38413,-4.8544064,5.736057,10GMP,
W38414,-7.966393,10.788011,16Neu,15Mo
W38415,7.1427884,3.443161,4Ery,
W38416,-7.6341157,7.4851885,14Mo,
W38417,-9.004067,7.8871927,14Mo,
W38418,-4.01181,5.869987,10GMP,
W38419,6.373458,4.5110116,3Ery,
W38420,-6.4705524,5.908318,10GMP,
W38421,-6.7782187,9.380319,14Mo,
W38422,6.9388523,2.885739,3Ery,
W38423,7.924171,4.791547,4Ery,
W38424,-2.7992253,3.6550288,19Lymph,19Lymph
W38425,-4.974593,8.511774,14Mo,
W38426,7.6410284,6.7737617,3Ery,
W38427,-7.0807705,9.174029,15Mo,
W38428,-7.926452,9.720999,15Mo,
W38429,-5.31605,6.4427514,10GMP,
W38430,-8.0639305,9.690092,15Mo,
W38431,-5.557374,9.816612,15Mo,
W38433,-6.497808,8.300878,14Mo,
W38434,-4.876577,8.66685,13Baso,
W38435,-6.18272,10.705733,16Neu,
W38436,-4.431606,8.667426,14Mo,
W38437,6.706417,3.7181053,4Ery,
W38438,-5.0914726,9.779823,14Mo,
W38439,-0.18167317,5.655783,9GMP,
W38440,8.446383,4.254627,3Ery,
W38441,-7.0045557,7.317055,14Mo,
W38443,7.6867695,4.2436523,3Ery,
W38444,-3.5989895,6.5895276,10GMP,
W38445,-5.4154215,10.46034,16Neu,
W38446,-5.613185,11.377067,16Neu,
W38447,-6.887125,7.821125,13Baso,
W38448,9.2,4.0466366,1Ery,
W38449,1.9589128,5.1585536,6Ery,
W38450,5.6533566,7.036182,2Ery,
W38451,-3.2528777,7.6670494,14Mo,
W38452,6.720022,6.3833327,2Ery,
W38453,-4.9588685,9.603103,14Mo,
W38454,4.506831,6.2219234,5Ery,
W38455,7.135766,6.9270315,2Ery,
W38456,-6.3868947,6.069691,9GMP,
W38457,-7.312085,8.256623,13Baso,
W38458,5.8792825,7.314476,2Ery,
W38459,5.63084,5.9727187,3Ery,
W38460,-5.3793583,11.240386,16Neu,
W38461,-4.9919844,8.436288,13Baso,
W38462,-5.7384796,8.644665,14Mo,
W38463,5.7503495,4.4929037,4Ery,
W38464,7.092837,3.0528567,3Ery,
W38465,5.142426,3.8574438,6Ery,
W38466,-0.9127453,4.7131934,7MEP,
W38467,-3.5558906,6.832814,10GMP,
W38468,5.3830156,6.559761,4Ery,
W38469,6.1976995,7.2165513,2Ery,
W38470,-6.4154463,10.707333,16Neu,
W38471,-2.7224567,7.6747136,12Baso,
W38472,-2.8615305,4.0238204,19Lymph,19Lymph
W38474,-0.23756902,4.454736,7MEP,
W38475,-4.8471313,8.156161,13Baso,
W38477,5.974957,6.0443354,4Ery,
W38478,-0.15476748,4.148563,7MEP,
W38480,5.8920717,4.5789304,4Ery,
W38481,-2.540769,7.6096497,12Baso,
W38482,3.6787639,5.840915,5Ery,
W38483,5.7337937,7.3457575,2Ery,
W38484,6.599554,7.424796,2Ery,
W38485,-2.6624742,6.5755486,9GMP,
W38486,7.9092355,7.5956736,1Ery,
W38487,-4.760529,2.336036,11DC,11DC
W38488,7.2887754,4.600712,3Ery,
W38489,-4.5074387,8.481568,14Mo,
W38491,-6.2058406,10.303071,16Neu,
W38492,8.430776,5.465526,2Ery,
W38493,6.086354,4.859995,5Ery,
W38494,-6.6050415,9.256855,14Mo,
W38495,-7.182521,8.879688,15Mo,
W38496,-5.7628975,5.838447,9GMP,
W38497,-1.9569161,5.7680016,9GMP,
W38498,-7.1187215,8.643008,14Mo,
W38500,7.2087297,7.1833434,2Ery,
W38501,7.6885085,4.8609242,4Ery,
W38502,5.79706,6.2465844,5Ery,
W38503,7.177779,4.89864,4Ery,
W38505,8.121529,3.5518153,3Ery,
W38506,-5.742458,11.102773,16Neu,
W38507,6.786701,7.728231,2Ery,
W38509,-6.2042584,10.768573,16Neu,
W38510,7.0183854,7.5624743,2Ery,
W38512,-5.9470153,5.9302382,13Baso,
W38515,6.251144,7.370436,2Ery,
W38516,3.2707133,5.8521333,6Ery,
W38517,3.7371695,5.9727516,6Ery,
W38519,-5.1461716,9.181218,14Mo,
W38521,6.4676247,7.74513,2Ery,
W38522,6.2847776,7.830467,2Ery,
W38523,-1.0988398,6.706687,8Mk,
W38524,-1.1120232,6.842818,8Mk,
W38525,-4.481817,8.727672,14Mo,
W38526,-5.280642,8.850314,14Mo,
W38527,7.187658,7.3457036,1Ery,
W38528,7.8318057,3.5635176,4Ery,
W38529,0.25693068,4.410613,7MEP,
W38530,-5.6827574,10.394244,16Neu,
W38531,-4.8411403,10.153056,16Neu,
W38532,-4.0620193,8.430479,14Mo,
W38533,5.6550813,6.608289,3Ery,
W38534,6.3814583,7.6470766,2Ery,
W38535,-6.6617656,9.203155,16Neu,
W38536,-2.2928946,7.5588183,17Neu,
W38537,5.159499,5.971495,6Ery,
W38538,6.1079993,7.3221946,2Ery,
W38539,-4.747123,8.218158,14Mo,
W38540,-5.1306157,9.495017,16Neu,
W38541,-0.6146161,4.232779,7MEP,
W38543,7.531078,5.276954,2Ery,
W38544,8.435099,2.938002,3Ery,3Ery
W38545,4.8882623,6.715266,2Ery,
W38546,0.14540605,4.1011724,6Ery,
W38547,2.8653946,5.956994,6Ery,
W38548,0.3543043,3.9637964,6Ery,
W38549,-1.16225,5.4248514,10GMP,
W38550,-1.6652707,6.628596,12Baso,
W38551,-0.33693033,4.8922687,12Baso,
W38552,6.4255815,4.1632147,4Ery,
W38553,6.019857,7.323477,2Ery,
W38554,3.3933246,6.0772853,4Ery,
W38555,6.4099746,7.8012733,2Ery,
W38556,-5.6738462,8.6097975,14Mo,
W38558,5.406069,6.925073,3Ery,
W38559,2.629778,5.5428624,6Ery,
W38560,8.628338,4.818235,3Ery,
W38561,-1.5771737,5.2982655,10GMP,
W38563,5.9792266,7.507856,2Ery,
W38564,-4.51741,8.792991,14Mo,
W38565,-5.261886,10.977333,16Neu,
W38567,-3.4441435,8.069221,18Eos,
W38568,-6.6472936,7.2265964,13Baso,
W38569,3.9667137,6.182795,6Ery,
W38570,-6.401241,8.509616,14Mo,
W38571,-4.5311317,7.676299,13Baso,
W38572,4.9078298,6.5152044,2Ery,
W38573,6.376029,7.5457606,2Ery,
W38575,2.6030965,5.282993,5Ery,
W38576,-5.2509747,6.1186266,10GMP,
W38577,6.231469,6.668448,5Ery,
W38578,-4.906969,8.942812,14Mo,
W38579,-3.007966,7.1482134,13Baso,
W38580,-4.542233,8.679881,14Mo,
W38581,-5.7516212,11.137035,16Neu,
W38582,6.010421,7.1814556,2Ery,
W38583,-0.790008,7.032084,10GMP,
W38584,6.947662,5.2081647,4Ery,
W38585,-6.3868327,11.660956,16Neu,
W38586,2.645049,5.1338153,6Ery,
W38587,-5.580814,9.697939,15Mo,
W38588,-6.8879967,8.241993,14Mo,
W38589,-1.8306955,6.6457224,12Baso,
W38590,0.093522094,5.2709417,7MEP,
W38591,-3.7636194,6.570995,10GMP,
W38592,-6.0915933,8.981292,15Mo,
W38593,8.695142,2.778051,3Ery,3Ery
W38594,-8.084967,10.359912,15Mo,
W38595,8.433449,2.8312926,3Ery,3Ery
W38596,-3.7885144,5.831992,9GMP,
W38597,7.345807,6.05979,2Ery,
W38598,0.012399723,5.566988,7MEP,
W38599,8.336701,4.773339,3Ery,
W38601,-6.304151,8.007452,13Baso,
W38602,-6.0724826,11.499321,16Neu,
W38603,-6.6494613,7.011133,13Baso,
W38604,9.206254,4.3944426,2Ery,
W38605,-6.6081867,10.493226,15Mo,
W38606,-1.0015237,4.96052,7MEP,
W38607,2.8214233,5.164683,6Ery,
W38608,5.4462824,4.8846135,5Ery,
W38609,-7.672811,6.6215925,13Baso,
W38610,-4.5788264,6.3649154,10GMP,
W38611,-1.7916166,5.0972395,9GMP,
W38612,-5.9380083,6.508132,13Baso,
W38613,-6.9357576,6.6498795,13Baso,
W38614,-1.278239,4.470504,12Baso,
W38615,5.311374,5.9658976,5Ery,
W38616,-3.1378548,7.150095,13Baso,
W38617,-7.998908,11.066019,15Mo,15Mo
W38618,-6.6427174,8.856755,14Mo,
W38619,-4.6114564,6.684252,10GMP,
W38620,-6.0140576,9.06002,15Mo,
W38622,5.072347,5.2174683,4Ery,
W38623,5.251694,6.5610514,5Ery,
W38624,-1.0368627,6.7303953,8Mk,
W38625,-7.3784695,8.108744,13Baso,
W38626,0.34060118,4.2923174,7MEP,
W38627,-4.8590784,8.814789,14Mo,
W38628,-6.50566,8.550557,14Mo,
W38629,6.8159266,7.493404,2Ery,
W38630,0.96923417,4.4499373,6Ery,
W38631,7.5891557,7.0397024,2Ery,
W38632,-5.8975186,8.393787,13Baso,
W38633,-0.22880614,6.319684,7MEP,
W38634,-5.3109493,11.135367,16Neu,
W38636,-4.8734417,8.712891,14Mo,
W38637,4.3079314,6.401958,3Ery,
W38638,-5.7468233,10.831527,16Neu,
W38639,-1.3031743,4.3225327,19Lymph,
W38640,-3.4976115,6.5282097,10GMP,
W38643,-1.6343734,5.3672214,12Baso,
W38644,-2.110618,5.9681005,10GMP,
W38645,-5.312376,7.5715413,13Baso,
W38646,6.937501,7.7771807,1Ery,
W38647,-5.2107387,10.297166,16Neu,
W38648,0.050642222,4.12488,6Ery,
W38649,-7.2018228,8.248991,14Mo,
W38650,6.3740315,7.059758,2Ery,
W38651,-4.9112506,9.124896,14Mo,
W38652,-2.2799788,5.6946955,10GMP,
W38653,-3.8368204,8.217874,14Mo,
W38654,-5.254768,10.495115,16Neu,
W38655,-0.3832501,5.581681,9GMP,
W38656,4.3165746,5.692,3Ery,
W38657,8.018235,3.9230306,3Ery,
W38659,-5.234211,9.992114,14Mo,
W38660,6.2655773,6.925957,2Ery,
W38662,-1.7051831,6.5474257,12Baso,
W38663,-2.4134066,6.426064,9GMP,
W38664,8.656397,6.6365004,1Ery,
W38666,6.784615,4.705625,3Ery,
W38668,5.338247,6.4815083,5Ery,
W38669,5.7836056,7.004111,2Ery,
W38670,-0.5054858,7.298626,8Mk,
W38672,8.1879225,6.026009,2Ery,
W38673,-6.8255196,11.511325,16Neu,
W38674,5.124684,5.925114,5Ery,
W38675,-1.3654009,6.8598557,10GMP,
W38676,-6.0654864,7.5293183,13Baso,
W38677,-5.432084,11.08879,16Neu,
W38678,-5.1903596,8.998495,14Mo,
W38679,6.4920177,7.259062,2Ery,
W38680,4.9265227,6.3404713,5Ery,
W38681,-8.023503,8.121385,15Mo,
W38682,-0.017336674,4.328303,7MEP,
W38683,-6.5557346,10.34556,15Mo,
W38684,5.5991735,5.7438946,5Ery,
W38685,3.6364477,4.4342537,6Ery,
W38686,3.8006468,5.4310083,5Ery,
W38687,7.390303,5.502921,2Ery,
W38688,7.4809732,5.0655904,3Ery,
W38689,-6.951523,10.897537,15Mo,
W38690,1.1170561,5.084708,7MEP,
W38691,7.454346,3.9593754,3Ery,
W38692,-5.6029887,8.21066,15Mo,
W38693,-7.085828,11.473891,16Neu,
W38694,3.6889048,4.5990696,6Ery,
W38695,-0.6380424,4.3495245,7MEP,
W38697,3.7181373,4.270027,6Ery,
W38698,2.3603969,5.3963647,6Ery,
W38699,-1.8248286,5.712441,10GMP,
W38700,6.4263573,5.268304,4Ery,
W38701,-6.2312903,7.275054,13Baso,
W38702,-6.0984106,10.1945305,14Mo,
W38703,-6.3610477,8.032626,13Baso,
W38704,8.719615,4.2636914,3Ery,
W38705,3.2059047,5.4013705,6Ery,
W38707,-1.1613165,5.594817,8Mk,
W38709,-5.5677996,9.031138,14Mo,
W38710,6.830704,7.3899226,2Ery,
W38711,-2.3902535,5.788467,9GMP,
W38712,4.0561047,3.9748502,6Ery,
W38713,-5.5451097,10.042641,15Mo,
W38714,-6.430727,8.161996,13Baso,
W38715,4.026411,6.335801,3Ery,
W38716,-5.915645,11.35681,16Neu,
W38717,7.199468,7.4869037,2Ery,
W38718,-2.4772444,6.5704823,9GMP,
W38719,-5.8229847,9.825332,14Mo,
W38720,7.2977853,3.4997663,3Ery,
W38721,-6.349079,8.73364,14Mo,
W38722,-5.3687787,8.769691,14Mo,
W38723,-5.259407,9.416491,16Neu,
W38724,-5.1304045,9.260173,14Mo,
W38726,-1.6430473,6.4238806,9GMP,
W38727,6.7166295,5.1188784,3Ery,
W38728,-8.746583,7.3965483,13Baso,
W38729,-0.45212877,5.26907,10GMP,
W38730,-4.8743176,9.423774,14Mo,
W38732,2.9902263,5.80521,3Ery,
W38733,3.2105038,5.7645526,6Ery,
W38734,-5.917557,7.8945837,14Mo,
W38735,5.0386167,5.874649,4Ery,
W38736,8.635229,3.663851,3Ery,
W38737,6.042631,7.688759,2Ery,
W38738,5.9355564,7.5741806,2Ery,
W38739,-4.6533885,9.09939,14Mo,
W38740,6.02918,6.9307265,2Ery,
W38741,0.90688545,4.818237,8Mk,
W38742,-2.97261,6.8694797,10GMP,
W38744,-2.4335291,6.01715,10GMP,
W38745,-4.8103495,8.826787,14Mo,
W38747,-2.113304,5.788379,10GMP,
W38748,-5.272413,9.293263,16Neu,
W38750,-5.4304447,6.375906,10GMP,
W38751,-5.0867696,7.217895,10GMP,
W38752,-8.0072565,7.4476113,13Baso,
W38753,-5.5078344,11.128165,16Neu,
W38754,4.638812,6.663731,2Ery,
W38755,-5.4378543,10.317387,16Neu,
W38756,6.125405,7.4424224,2Ery,
W38757,-5.172187,8.663002,14Mo,
W38758,-4.5291104,2.4953995,11DC,11DC
W38759,-5.301544,9.335513,14Mo,
W38760,-4.8602657,2.3822174,11DC,11DC
W38761,-3.5902305,8.061336,14Mo,
W38765,-6.0405517,8.433429,13Baso,
W38767,6.5466647,6.5140395,2Ery,
W38768,8.352176,4.6157155,2Ery,
W38769,-5.7208004,10.700705,16Neu,
W38770,4.9109616,6.901423,2Ery,
W38771,6.786704,6.9412465,2Ery,
W38772,-5.0692987,8.498886,14Mo,
W38773,5.09398,6.679942,5Ery,
W38774,5.473961,6.682248,2Ery,
W38775,0.1043344,4.7589645,7MEP,
W38776,-1.8080169,5.9095807,9GMP,
W38777,7.1159697,6.080918,2Ery,
W38778,-1.413611,4.9258485,10GMP,
W38779,-0.5922052,5.259398,7MEP,
W38781,2.2859294,5.1435056,6Ery,
W38782,-6.7803507,8.765997,15Mo,
W38783,5.714961,4.6042066,5Ery,
W38784,5.7943573,5.2836,5Ery,
W38785,-7.7383285,10.654455,15Mo,
W38786,-4.867002,7.532244,14Mo,
W38788,-0.6762404,7.035876,8Mk,
W38789,-7.9094296,7.295396,14Mo,
W38790,-6.9148145,10.429473,15Mo,
W38791,3.51874,5.7034826,4Ery,
W38793,-7.23355,7.2719574,14Mo,
W38794,-2.8852732,6.7120976,13Baso,
W38795,1.0967427,5.1570992,6Ery,
W38796,7.382455,3.6783135,4Ery,
W38797,-8.331009,7.206967,13Baso,
W38798,6.4690003,4.978928,4Ery,
W38799,-4.0383205,5.8085093,9GMP,
W38800,8.67232,3.8614929,3Ery,
W38801,-1.0466548,6.8110085,8Mk,
W38802,-0.6725786,7.7891946,8Mk,
W38803,-7.3113217,9.882894,15Mo,
W38804,8.256595,6.58101,2Ery,
W38805,-2.090271,7.0997415,12Baso,
W38806,5.214289,3.4655368,3Ery,
W38807,-7.5953155,11.033722,15Mo,
W38808,-8.332818,10.257791,15Mo,
W38809,-2.5866404,5.4357533,9GMP,
W38810,8.546208,4.002698,3Ery,
W38811,-4.3947563,6.0964947,10GMP,
W38812,-6.181997,10.270071,15Mo,
W38813,-6.555235,11.209514,16Neu,
W38814,6.204549,3.8035138,4Ery,
W38815,6.91461,3.1823087,3Ery,
W38816,-7.7012906,7.6100273,14Mo,
W38818,7.4295573,2.7126553,3Ery,
W38819,-7.6154294,11.268443,16Neu,
W38820,3.4295611,4.804235,6Ery,
W38821,4.5872574,4.975414,5Ery,
W38822,-5.824843,6.544066,13Baso,
W38823,-7.447146,6.7223096,13Baso,
W38824,-4.984527,2.4657307,11DC,11DC
W38825,-7.979479,7.1630096,13Baso,
W38826,-0.40413478,6.633417,8Mk,
W38827,8.162149,6.416971,2Ery,
W38828,-5.94984,7.8549824,13Baso,
W38829,-8.269077,8.328511,13Baso,
W38830,-0.28432557,7.480559,8Mk,
W38831,-0.5998423,6.371396,8Mk,
W38832,-8.576451,10.130829,15Mo,15Mo
W38833,-6.017057,7.976251,14Mo,
W38834,-4.236878,9.415312,14Mo,
W38835,-2.4681628,3.95079,19Lymph,19Lymph
W38836,1.5239915,5.22023,6Ery,
W38837,5.2598033,5.0731955,5Ery,
W38838,-6.4487386,10.032335,15Mo,
W38839,1.0449891,5.364421,7MEP,
W38840,-6.6259646,10.429296,15Mo,
W38841,-8.579577,9.997839,15Mo,15Mo
W38843,4.3625402,3.8469899,6Ery,
W38845,-2.7176871,6.628803,12Baso,
W38846,7.8105435,6.033009,2Ery,
W38847,-8.128883,6.800067,13Baso,
W38848,0.7687995,3.9858963,3Ery,
W38849,7.7152843,3.1065595,4Ery,
W38850,-4.00479,8.589142,14Mo,
W38851,-4.050455,6.2521176,10GMP,
W38852,-6.905021,11.04382,16Neu,
W38853,-7.354548,10.957476,15Mo,
W38854,0.6762377,5.5407014,6Ery,
W38855,-8.366417,6.860557,13Baso,
W38856,-2.8351212,3.8575258,19Lymph,19Lymph
W38858,-7.741015,10.268538,15Mo,
W38859,0.9794065,5.4521484,6Ery,
W38860,8.218078,6.7598553,2Ery,
W38861,-7.9826503,10.273947,15Mo,
W38862,8.304409,4.2604403,3Ery,
W38863,-4.280467,8.082522,13Baso,
W38864,1.870775,5.4357023,6Ery,
W38865,-6.10939,6.7762055,13Baso,
W38866,-3.366517,6.751327,9GMP,
W38867,-2.427381,5.7191796,10GMP,
W38868,-4.551816,6.1568265,10GMP,
W38869,-6.9841533,7.5072484,14Mo,
W38870,8.159652,5.7931404,2Ery,
W38871,1.6395153,5.439936,6Ery,
W38872,-5.111698,6.0457993,10GMP,
W38873,0.59340227,4.9353676,7MEP,
W38874,0.4239402,4.494627,6Ery,
W38875,-4.6535215,7.933236,14Mo,
W38876,7.961209,4.989918,2Ery,
W38877,8.177718,5.925887,2Ery,
W38878,0.13967101,4.6153555,7MEP,
W38879,6.5140314,4.886103,5Ery,
W38880,-7.3242855,6.2815886,13Baso,
W38881,-6.726923,8.216443,13Baso,
W38882,-5.2702007,8.38065,14Mo,
W38883,9.079253,4.632158,3Ery,
W38884,-7.6853704,6.7790275,13Baso,
W38886,7.082236,3.9211357,4Ery,
W38887,8.334765,4.229131,3Ery,
W38889,8.988376,4.7579045,2Ery,
W38890,-6.3032,10.539391,15Mo,
W38891,0.14374071,4.7920713,7MEP,
W38892,8.3446045,7.180168,1Ery,
W38893,-6.48936,10.348459,15Mo,
W38894,8.268189,5.6231775,2Ery,
W38895,-4.191696,8.387197,13Baso,
W38896,-0.07256317,6.303549,8Mk,
W38897,-4.8328457,6.293698,9GMP,
W38898,-1.9704965,4.0853996,19Lymph,19Lymph
W38899,-4.7897696,2.3924263,11DC,11DC
W38900,-0.9451974,6.6915164,8Mk,
W38901,-2.4414027,7.3928666,17Neu,
W38902,-5.963353,6.3772397,13Baso,
W38903,-5.5192533,6.513948,13Baso,
W38904,-6.407215,9.388063,13Baso,
W38905,8.692038,3.805248,3Ery,
W38906,2.1843026,5.1607113,12Baso,
W38907,-6.9131336,11.029456,16Neu,
W38908,-4.7376456,5.975302,10GMP,
W38909,-7.406711,10.214587,15Mo,
W38910,0.28686407,4.7534494,7MEP,
W38911,-5.739605,6.8672013,13Baso,
W38912,-5.9558797,8.258007,13Baso,
W38913,-8.080873,9.834768,14Mo,
W38914,-6.513588,11.216639,16Neu,
W38915,7.561047,3.1222386,3Ery,
W38916,-0.073119834,4.843593,7MEP,
W38917,-6.7988696,7.4839134,13Baso,
W38918,-5.905157,7.265512,13Baso,
W38919,7.1733413,4.0194335,3Ery,
W38920,9.538445,4.4010124,1Ery,
W38921,-7.7147994,6.9001985,14Mo,
W38922,-7.318461,10.644325,15Mo,
W38923,-4.4125504,6.727228,10GMP,
W38924,-5.767044,9.256073,15Mo,
W38925,7.145748,3.2212408,4Ery,
W38926,-2.4574025,6.214678,9GMP,
W38927,-8.387056,9.375073,14Mo,
W38928,-6.239176,5.7111125,9GMP,
W38929,-4.7977996,6.0390534,13Baso,
W38930,-3.0082846,6.281418,10GMP,
W38931,-1.9567152,5.4632535,9GMP,
W38932,3.7099602,5.3094864,5Ery,
W38933,7.5522676,6.0182266,2Ery,
W38934,0.4658997,5.2942924,7MEP,
W38935,-6.031171,7.715046,13Baso,
W38937,3.3977761,4.63931,6Ery,
W38938,1.066602,5.146138,7MEP,
W38939,-2.9621804,5.8286796,10GMP,
W38940,0.8787282,4.873798,7MEP,
W38941,-5.511018,5.854171,10GMP,
W38942,7.028246,4.047182,3Ery,
W38943,7.101023,3.8439906,5Ery,
W38944,-1.4123354,5.2532063,10GMP,
W38945,0.56067365,5.1361294,6Ery,
W38946,-2.2997365,3.9822187,19Lymph,19Lymph
W38947,-1.0256672,7.156776,8Mk,
W38948,6.45808,4.3973455,4Ery,
W38949,-6.363195,7.9237275,14Mo,
W38950,-7.640403,10.952165,16Neu,
W38951,-7.2642837,7.7779803,14Mo,
W38952,-4.383332,6.2214556,10GMP,
W38953,-2.9573805,5.9043508,10GMP,
W38954,-7.635244,7.240877,13Baso,
W38955,-0.24949665,5.570193,7MEP,
W38956,-7.418333,10.608196,15Mo,
W38957,-3.9565651,6.550883,10GMP,
W38958,-7.393624,10.305148,15Mo,
W38959,-8.37453,10.43834,15Mo,15Mo
W38960,-7.161738,9.467921,14Mo,
W38961,4.6648593,4.4412613,5Ery,
W38962,-6.938442,6.523552,13Baso,
W38963,-1.8731103,5.8157926,9GMP,
W38964,0.06522193,4.8303666,7MEP,7MEP
W38965,-7.305403,10.124526,14Mo,
W38966,3.8741744,4.5278735,6Ery,
W38967,8.497475,6.255425,2Ery,
W38968,-0.6220212,6.2792416,8Mk,
W38969,0.11829153,5.082707,7MEP,
W38970,5.1217823,4.389202,5Ery,
W38971,-0.06621456,5.8128796,7MEP,
W38972,-6.9125905,6.786949,13Baso,
W38973,-0.07862733,4.825365,7MEP,7MEP
W38974,6.2589035,4.0651145,5Ery,
W38975,-0.58243835,7.698192,8Mk,
W38976,8.3934765,6.684436,2Ery,
W38977,8.001052,5.505118,2Ery,
W38978,6.516317,4.137349,4Ery,
W38979,-5.383242,8.712892,14Mo,
W38980,-7.135703,10.784898,15Mo,
W38981,-6.067075,6.1774974,13Baso,
W38982,7.7308836,3.8221047,3Ery,
W38983,7.504121,4.608969,2Ery,
W38985,2.8040595,5.5474377,5Ery,
W38987,-4.8389935,6.7343426,13Baso,
W38989,6.4918246,3.9920325,3Ery,
W38990,0.23215929,4.2205477,6Ery,7MEP
W38991,-0.9112042,6.5031686,8Mk,
W38992,1.6563356,5.754481,6Ery,
W38993,-6.6799192,11.401422,15Mo,
W38994,7.407113,4.8350964,2Ery,
W38996,5.5951805,5.4656143,5Ery,
W38997,1.2925496,5.7916627,6Ery,
W38998,-2.4847214,6.5993114,9GMP,
W38999,-0.47379935,6.922631,8Mk,
W39000,-8.266608,10.19068,15Mo,15Mo
W39001,-7.525383,7.233816,13Baso,
W39002,-3.2006857,5.9995017,10GMP,
W39003,-6.216613,11.4516325,15Mo,
W39004,-7.3395505,10.990214,15Mo,
W39005,8.132824,6.4289293,2Ery,
W39006,-6.177555,7.223552,13Baso,
W39007,-5.300755,8.281396,14Mo,
W39008,0.31762385,6.46872,9GMP,
W39009,7.975461,6.072769,2Ery,
W39010,7.389693,4.308917,3Ery,
W39011,-2.2352753,7.0682344,17Neu,
W39012,-6.029272,11.295561,16Neu,
W39013,-6.5657363,6.7468085,13Baso,
W39015,3.463462,5.663647,6Ery,
W39017,-7.531481,6.677442,13Baso,
W39018,-3.3618672,6.0150886,10GMP,
W39019,-6.096865,7.9745307,13Baso,
W39020,-5.2225385,7.7616773,13Baso,
W39021,5.56548,5.496254,2Ery,
W39022,0.06493737,4.193606,6Ery,
W39023,-8.730375,9.794588,15Mo,
W39024,-7.015814,9.409607,14Mo,
W39025,-7.6500154,7.3549056,14Mo,
W39026,-5.6375446,6.5531445,13Baso,
W39027,-5.1201615,8.100804,14Mo,
W39028,3.424513,4.8147874,6Ery,
W39029,-6.1776676,7.675938,13Baso,
W39030,-1.4462024,5.096874,17Neu,
W39031,6.5609117,5.3780484,2Ery,
W39032,0.5950291,5.0186973,6Ery,
W39033,-0.13998336,4.921328,7MEP,7MEP
W39034,-5.314852,6.2380023,10GMP,
W39035,-4.563782,6.3746753,10GMP,
W39036,3.214563,5.3720345,6Ery,
W39037,-6.4715714,10.314479,15Mo,
W39038,-5.891288,11.182425,15Mo,
W39039,0.37137324,4.4811826,6Ery,
W39040,6.378169,3.880797,4Ery,
W39041,-0.66888106,6.3618402,8Mk,
W39042,0.6531927,4.313983,6Ery,
W39043,-5.418813,8.484921,13Baso,
W39044,-4.8442683,6.816372,13Baso,
W39045,5.7374034,5.1907783,5Ery,
W39047,-3.140336,6.7167864,10GMP,
W39048,-0.34063962,6.899281,10GMP,
W39050,-5.1434054,6.2018313,10GMP,
W39051,6.3388433,5.4773107,2Ery,
W39052,-4.618153,2.461622,11DC,11DC
W39053,-6.56943,10.66296,16Neu,
W39054,-7.4861755,9.755414,14Mo,
W39055,4.4394994,5.1720734,5Ery,
W39056,-4.762665,5.8041425,10GMP,
W39057,3.7766266,4.4570165,6Ery,
W39058,7.676221,5.399698,2Ery,
W39059,-6.1528563,5.977588,10GMP,
W39060,-7.145168,11.006191,15Mo,
W39061,-6.235249,11.524231,16Neu,
W39062,2.0187714,4.878422,6Ery,
W39063,-2.7420115,3.6916416,19Lymph,19Lymph
W39064,-4.5194516,5.7379003,10GMP,
W39065,-8.531234,10.606937,15Mo,15Mo
W39066,-8.038437,7.1098948,13Baso,
W39067,3.887996,4.722336,5Ery,
W39068,-0.48414764,5.466729,7MEP,
W39069,6.1800566,4.046728,4Ery,
W39070,-0.9306277,5.016328,7MEP,
W39071,5.933621,3.2562447,3Ery,
W39072,-3.1044862,3.955415,19Lymph,19Lymph
W39073,-7.2068663,9.877679,13Baso,
W39074,-5.271618,8.145875,13Baso,
W39075,-6.8926606,6.767444,13Baso,
W39076,7.786749,4.6058307,3Ery,
W39077,8.767065,6.270249,1Ery,
W39078,-7.1121826,9.393899,15Mo,
W39079,-0.37655598,4.710095,8Mk,
W39081,-0.539669,5.1101055,7MEP,
W39082,-0.46826306,5.3297067,7MEP,
W39083,-2.7910862,6.7387395,13Baso,
W39084,-5.445962,6.929274,13Baso,
W39085,5.112727,5.387633,5Ery,
W39087,0.34949687,4.2189155,6Ery,
W39088,-8.104756,10.65132,15Mo,15Mo
W39089,-6.467838,7.1474605,13Baso,
W39090,-6.6907716,9.236062,14Mo,
W39091,-1.3355186,5.734169,10GMP,
W39092,-4.2950497,7.3691726,13Baso,
W39093,-0.10699386,4.4057527,7MEP,
W39094,-5.5710673,11.083705,15Mo,
W39095,-0.5129576,7.4888835,8Mk,
W39096,-4.7690296,5.8227816,9GMP,
W39097,4.497389,5.31854,4Ery,
W39098,-1.7885833,5.5800285,17Neu,
W39099,7.761197,6.110367,2Ery,
W39100,-6.1368732,7.213644,14Mo,
W39101,-7.3761888,11.307129,15Mo,
W39103,-6.910909,8.6697,14Mo,
W39104,5.0964284,3.7160385,6Ery,
W39105,0.36115083,4.1313787,6Ery,
W39106,-4.072043,6.505716,10GMP,
W39107,0.4687493,4.5357285,6Ery,
W39109,-5.0605435,7.4126205,13Baso,
W39110,0.1869366,4.206794,6Ery,
W39111,-2.3762908,7.526433,12Baso,
W39112,8.014356,2.7687776,3Ery,3Ery
W39113,-5.4852185,7.771075,13Baso,
W39114,-5.7349625,7.525774,13Baso,
W39115,-6.5997515,11.272566,16Neu,
W39116,-5.3399205,6.5720243,10GMP,
W39117,-5.8100557,11.014118,16Neu,
W39118,-4.445838,8.19116,13Baso,
W39119,4.6652236,4.965199,5Ery,
W39120,8.343262,5.4677734,2Ery,
W39121,-1.3890048,4.695487,9GMP,
W39122,-6.825092,10.90619,16Neu,
W39123,-0.90755755,6.4319863,8Mk,
W39124,-4.3794746,2.619842,11DC,11DC
W39125,-4.6229506,7.0845776,13Baso,
W39126,-3.5435958,6.878648,10GMP,
W39127,5.6547723,3.7242727,5Ery,
W39128,-5.929437,10.413169,15Mo,
W39129,-7.5564456,7.7204623,13Baso,
W39130,-3.2137704,5.734091,9GMP,
W39131,-6.6254935,9.491011,14Mo,
W39134,-5.156183,8.260843,13Baso,
W39135,-5.8215218,8.011482,14Mo,
W39137,-5.826576,10.452394,15Mo,
W39138,-6.823004,10.317708,15Mo,
W39139,-4.223108,6.6766562,10GMP,
W39140,-6.9399886,11.024361,15Mo,
W39141,-6.689301,11.089838,16Neu,
W39142,3.3999252,5.483913,6Ery,
W39143,7.103565,4.838649,2Ery,
W39144,-7.7973094,7.8664193,13Baso,
W39145,2.3591902,5.269727,5Ery,
W39146,0.3093219,5.4758496,7MEP,
W39147,-2.6848388,3.8126502,19Lymph,19Lymph
W39148,1.5821474,4.9111857,6Ery,
W39149,-6.371533,7.264146,13Baso,
W39150,8.202955,6.0174155,2Ery,
W39151,-4.797211,2.48884,11DC,11DC
W39152,0.411806,4.5905027,7MEP,
W39153,-3.3453133,7.2845774,13Baso,
W39154,7.187694,5.1546936,2Ery,
W39155,-6.787224,7.388941,14Mo,
W39156,-5.986661,7.678313,13Baso,
W39157,-0.52523947,7.733884,8Mk,
W39158,-7.7132635,8.722851,13Baso,
W39159,-0.046113856,7.2235255,7MEP,
W39160,-4.062339,6.3545423,10GMP,
W39161,-4.2859173,6.547193,10GMP,
W39162,-7.411805,9.362801,14Mo,
W39163,-6.8690777,11.526388,16Neu,
W39164,6.788565,4.8916063,2Ery,
W39165,-8.209247,6.9851108,13Baso,
W39166,0.19944483,4.9273653,7MEP,7MEP
W39167,-8.02136,9.81573,15Mo,
W39168,7.666936,3.6751907,3Ery,
