gene,lineage,Mye_C1QC_corr,Mye_C1QC_qval,Mye_FABP4_corr,Mye_FABP4_qval,Mye_InflamMono_1_corr,Mye_InflamMono_1_qval,Mye_InflamMono_2_corr,Mye_InflamMono_2_qval,Mye_NonClassicalMono_corr,Mye_NonClassicalMono_qval,Mye_TissueResMac_1_corr,Mye_TissueResMac_1_qval,Mye_TissueResMac_2_corr,Mye_TissueResMac_2_qval,Mye_TissueResMac_3_corr,Mye_TissueResMac_3_qval
GPR183,Mye_C1QC,0.5168665847366466,0.0,,,,,,,,,,,,,,
A2M,Mye_C1QC,0.4508753649796007,0.0,,,,,,,,,,,,,,
IER3,Mye_C1QC,0.4453610583094042,0.0,,,,,,,,,,,,,,
RNASE1,Mye_C1QC,0.4448679060145816,0.0,,,,,,,,,,,,,,
LGMN,Mye_C1QC,0.4117146031306875,0.0,,,,,,,,,,,,,,
NR4A2,Mye_C1QC,0.4054828264336164,0.0,,,,,,,,,,,,,,
RGS1,Mye_C1QC,0.4009200422253006,0.0,,,,,,,,,,,,,,
ZNF331,Mye_C1QC,0.3987365702251306,0.0,,,,,,,,,,,,,,
SGK1,Mye_C1QC,0.3925914860611941,0.0,,,,,,,,,,,,,,
ATF3,Mye_C1QC,0.3869625680248794,0.0,,,,,,,,,,,,,,
STAB1,Mye_C1QC,0.3844144472239121,0.0,,,,,,,,,,,,,,
FOSB,Mye_C1QC,0.3781637131891927,0.0,,,,,,,,,,,,,,
NRP2,Mye_C1QC,0.3670641012523185,0.0,,,,,,,,,,,,,,
CCL3,Mye_C1QC,0.3564038150782099,0.0,,,,,,,,,,,,,,
NR4A3,Mye_C1QC,0.3558609166731443,0.0,,,,,,,,,,,,,,
ARL4C,Mye_C1QC,0.3512657318324596,0.0,,,,,,,,,,,,,,
CREM,Mye_C1QC,0.3474405665323743,0.0,,,,,,,,,,,,,,
FCGR2A,Mye_C1QC,0.3469237539442957,0.0,,,,,,,,,,,,,,
CD83,Mye_C1QC,0.3464067509545678,0.0,,,,,,,,,,,,,,
SDS,Mye_C1QC,0.3403568395094518,0.0,,,,,,,,,,,,,,
PLTP,Mye_C1QC,0.3389821217936088,0.0,,,,,,,,,,,,,,
PLAU,Mye_C1QC,0.3350082189159526,0.0,,,,,,,,,,,,,,
ICAM1,Mye_C1QC,0.3334409951693552,0.0,,,,,,,,,,,,,,
TNFAIP3,Mye_C1QC,0.3331086058885902,0.0,,,,,,,,,,,,,,
CCL4,Mye_C1QC,0.331621255156552,0.0,,,,,,,,,,,,,,
LITAF,Mye_C1QC,0.3290905759917502,0.0,,,,,,,,,,,,,,
CCL4L2,Mye_C1QC,0.3264103763145564,0.0,,,,,,,,,,,,,,
DAB2,Mye_C1QC,0.3217615175581192,0.0,,,,,,,,,,,,,,
F13A1,Mye_C1QC,0.3207932786336649,0.0,,,,,,,,,,,,,,
CXCL2,Mye_C1QC,0.3200302123126302,0.0,,,,,,,,,,,,,,
ABCA1,Mye_C1QC,0.3198062130539432,0.0,,,,,,,,,,,,,,
GADD45B,Mye_C1QC,0.3175397790679533,0.0,,,,,,,,,,,,,,
MARCKS,Mye_C1QC,0.3153789976409071,0.0,,,,,,,,,,,,,,
GPR34,Mye_C1QC,0.3152861924495698,0.0,,,,,,,,,,,,,,
CXCL8,Mye_C1QC,0.3123870717442801,0.0,,,,,,,,,,,,,,
PRDM1,Mye_C1QC,0.3105187641160226,0.0,,,,,,,,,,,,,,
ARHGAP18,Mye_C1QC,0.3083710154575564,0.0,,,,,,,,,,,,,,
VEGFA,Mye_C1QC,0.3076457579349715,0.0,,,,,,,,,,,,,,
SLC1A3,Mye_C1QC,0.3057682572465448,0.0,,,,,,,,,,,,,,
CTSB,Mye_C1QC,0.3046179370686104,0.0,,,,,,,,,,,,,,
GAS6,Mye_C1QC,0.3027191737923673,0.0,,,,,,,,,,,,,,
MMP9,Mye_C1QC,0.3021101998579695,0.0,,,,,,,,,,,,,,
ELL2,Mye_C1QC,0.3007702401741813,0.0,,,,,,,,,,,,,,
PMP22,Mye_C1QC,0.300603979653529,0.0,,,,,,,,,,,,,,
SPP1,Mye_C1QC,0.3001688273150751,0.0,,,,,,,,,,,,,,
FPR3,Mye_C1QC,0.2959055465794289,0.0,,,,,,,,,,,,,,
PDGFB,Mye_C1QC,0.2957317575046526,0.0,,,,,,,,,,,,,,
MAFF,Mye_C1QC,0.2953004056942097,0.0,,,,,,,,,,,,,,
PLA2G7,Mye_C1QC,0.2952128938486507,0.0,,,,,,,,,,,,,,
GPNMB,Mye_C1QC,0.2943552800048341,0.0,,,,,,,,,,,,,,
GPD1,Mye_FABP4,,,0.7146349938340705,0.0,,,,,,,,,,,,
PHLDA3,Mye_FABP4,,,0.6995147922693566,0.0,,,,,,,,,,,,
FABP4,Mye_FABP4,,,0.6795142961798064,0.0,,,,,,,,,,,,
AQP3,Mye_FABP4,,,0.6759645751500744,0.0,,,,,,,,,,,,
PDLIM1,Mye_FABP4,,,0.663560781470735,0.0,,,,,,,,,,,,
PCOLCE2,Mye_FABP4,,,0.6270437514149162,0.0,,,,,,,,,,,,
MCEMP1,Mye_FABP4,,,0.6184510777310266,0.0,,,,,,,,,,,,
MME,Mye_FABP4,,,0.5923349232782751,0.0,,,,,,,,,,,,
GCHFR,Mye_FABP4,,,0.5898910351883339,0.0,,,,,,,,,,,,
INHBA,Mye_FABP4,,,0.5817737917601998,0.0,,,,,,,,,,,,
SFTPC,Mye_FABP4,,,0.5727532952578496,0.0,,,,,,,,,,,,
FHL1,Mye_FABP4,,,0.5486127787075383,0.0,,,,,,,,,,,,
LPL,Mye_FABP4,,,0.5395055796254167,0.0,,,,,,,,,,,,
AGRP,Mye_FABP4,,,0.5374786008506309,0.0,,,,,,,,,,,,
FBP1,Mye_FABP4,,,0.5295242958307189,0.0,,,,,,,,,,,,
CPE,Mye_FABP4,,,0.5244310285436351,0.0,,,,,,,,,,,,
AMIGO2,Mye_FABP4,,,0.5221573585462531,0.0,,,,,,,,,,,,
ACOT7,Mye_FABP4,,,0.5182789883901416,0.0,,,,,,,,,,,,
GLDN,Mye_FABP4,,,0.5126263183484295,0.0,,,,,,,,,,,,
STAC,Mye_FABP4,,,0.50840516936245,0.0,,,,,,,,,,,,
PPARG,Mye_FABP4,,,0.5025901557244412,0.0,,,,,,,,,,,,
MLPH,Mye_FABP4,,,0.501231264159706,0.0,,,,,,,,,,,,
SLC19A3,Mye_FABP4,,,0.4966319963090488,0.0,,,,,,,,,,,,
FN1,Mye_FABP4,,,0.4939094258021754,0.0,,,,,,,,,,,,
S100A13,Mye_FABP4,,,0.4919871830258018,0.0,,,,,,,,,,,,
LSAMP,Mye_FABP4,,,0.4889241127283237,0.0,,,,,,,,,,,,
HPGD,Mye_FABP4,,,0.4825967180495695,0.0,,,,,,,,,,,,
IGFBP2,Mye_FABP4,,,0.4801632658974542,0.0,,,,,,,,,,,,
ALOX5AP,Mye_FABP4,,,0.4758502109935487,0.0,,,,,,,,,,,,
ADTRP,Mye_FABP4,,,0.473636570071878,0.0,,,,,,,,,,,,
MARCO,Mye_FABP4,,,0.4661481555751969,0.0,,,,,,,,,,,,
PPIC,Mye_FABP4,,,0.4616459068797677,0.0,,,,,,,,,,,,
GPA33,Mye_FABP4,,,0.4595551368168398,0.0,,,,,,,,,,,,
ECSCR,Mye_FABP4,,,0.4575222244553463,0.0,,,,,,,,,,,,
TREM1,Mye_FABP4,,,0.444396362898274,0.0,,,,,,,,,,,,
CYP27A1,Mye_FABP4,,,0.4439921260293221,0.0,,,,,,,,,,,,
FFAR4,Mye_FABP4,,,0.4424619100858957,0.0,,,,,,,,,,,,
SCGB1A1,Mye_FABP4,,,0.4375902793466158,0.0,,,,,,,,,,,,
RGCC,Mye_FABP4,,,0.4343673406809523,0.0,,,,,,,,,,,,
FAM89A,Mye_FABP4,,,0.434180403592548,0.0,,,,,,,,,,,,
SFTPA2,Mye_FABP4,,,0.416518217046164,0.0,,,,,,,,,,,,
TMEM74B,Mye_FABP4,,,0.4127865877508916,0.0,,,,,,,,,,,,
NUPR1,Mye_FABP4,,,0.4113343598071542,0.0,,,,,,,,,,,,
RSPO3,Mye_FABP4,,,0.4062087081031676,0.0,,,,,,,,,,,,
AKR1C3,Mye_FABP4,,,0.4051022568732474,0.0,,,,,,,,,,,,
OLR1,Mye_FABP4,,,0.4033091792213767,0.0,,,,,,,,,,,,
CES1,Mye_FABP4,,,0.4032981074616413,0.0,,,,,,,,,,,,
RMDN3,Mye_FABP4,,,0.4031789678524014,0.0,,,,,,,,,,,,
MYO6,Mye_FABP4,,,0.4019264405838643,0.0,,,,,,,,,,,,
TGM2,Mye_FABP4,,,0.397982302959841,0.0,,,,,,,,,,,,
FCN1,Mye_InflamMono_1,,,,,0.6395531754123611,0.0,,,,,,,,,,
CORO1A,Mye_InflamMono_1,,,,,0.4816129786898532,0.0,,,,,,,,,,
CFP,Mye_InflamMono_1,,,,,0.4632047400061061,0.0,,,,,,,,,,
COTL1,Mye_InflamMono_1,,,,,0.4463322400125513,0.0,,,,,,,,,,
FGR,Mye_InflamMono_1,,,,,0.4403376934459098,0.0,,,,,,,,,,
IFITM2,Mye_InflamMono_1,,,,,0.4382017428137076,0.0,,,,,,,,,,
S100A4,Mye_InflamMono_1,,,,,0.4374268731913712,0.0,,,,,,,,,,
LIMD2,Mye_InflamMono_1,,,,,0.4369410470448424,0.0,,,,,,,,,,
LST1,Mye_InflamMono_1,,,,,0.4342080789903783,0.0,,,,,,,,,,
C19orf38,Mye_InflamMono_1,,,,,0.4327533910622533,0.0,,,,,,,,,,
POU2F2,Mye_InflamMono_1,,,,,0.4307149051897877,0.0,,,,,,,,,,
LILRA5,Mye_InflamMono_1,,,,,0.4237253500220516,0.0,,,,,,,,,,
ICAM3,Mye_InflamMono_1,,,,,0.4225010984718425,0.0,,,,,,,,,,
LYST,Mye_InflamMono_1,,,,,0.4214775821317947,0.0,,,,,,,,,,
CD48,Mye_InflamMono_1,,,,,0.4054458594182837,0.0,,,,,,,,,,
APOBEC3A,Mye_InflamMono_1,,,,,0.4051669816336655,0.0,,,,,,,,,,
S100A8,Mye_InflamMono_1,,,,,0.4008516241220146,0.0,,,,,,,,,,
CD300E,Mye_InflamMono_1,,,,,0.3974929168461589,0.0,,,,,,,,,,
LILRA1,Mye_InflamMono_1,,,,,0.3835484917781758,0.0,,,,,,,,,,
TESC,Mye_InflamMono_1,,,,,0.3823418792611074,0.0,,,,,,,,,,
S100A9,Mye_InflamMono_1,,,,,0.3815117029126394,0.0,,,,,,,,,,
CLEC12A,Mye_InflamMono_1,,,,,0.381393385193494,0.0,,,,,,,,,,
CX3CR1,Mye_InflamMono_1,,,,,0.3805994200578348,0.0,,,,,,,,,,
GPBAR1,Mye_InflamMono_1,,,,,0.3787725524908744,0.0,,,,,,,,,,
MYO1G,Mye_InflamMono_1,,,,,0.3714455766598387,0.0,,,,,,,,,,
LILRB2,Mye_InflamMono_1,,,,,0.3695889488126718,0.0,,,,,,,,,,
S100A6,Mye_InflamMono_1,,,,,0.3692738493452407,0.0,,,,,,,,,,
STXBP2,Mye_InflamMono_1,,,,,0.3578855168362266,0.0,,,,,,,,,,
PRAM1,Mye_InflamMono_1,,,,,0.3565244183149611,0.0,,,,,,,,,,
TRAF3IP3,Mye_InflamMono_1,,,,,0.3495080261205873,0.0,,,,,,,,,,
S100A12,Mye_InflamMono_1,,,,,0.3429960148908583,0.0,,,,,,,,,,
CD79B,Mye_InflamMono_1,,,,,0.3418945080562245,0.0,,,,,,,,,,
PLAC8,Mye_InflamMono_1,,,,,0.3374535299729467,0.0,,,,,,,,,,
SYTL1,Mye_InflamMono_1,,,,,0.336125743739998,0.0,,,,,,,,,,
TMEM154,Mye_InflamMono_1,,,,,0.3325360161112036,0.0,,,,,,,,,,
SERPINA1,Mye_InflamMono_1,,,,,0.3313796407715897,0.0,,,,,,,,,,
CDA,Mye_InflamMono_1,,,,,0.3291871250013726,0.0,,,,,,,,,,
VCAN,Mye_InflamMono_1,,,,,0.3255664652132559,0.0,,,,,,,,,,
TNFSF10,Mye_InflamMono_1,,,,,0.3254895301087775,0.0,,,,,,,,,,
CDKN2D,Mye_InflamMono_1,,,,,0.3252021232901169,0.0,,,,,,,,,,
WARS,Mye_InflamMono_1,,,,,0.3236513112431274,0.0,,,,,,,,,,
CD52,Mye_InflamMono_1,,,,,0.3222421946780974,0.0,,,,,,,,,,
MNDA,Mye_InflamMono_1,,,,,0.3216371421908576,0.0,,,,,,,,,,
LILRA2,Mye_InflamMono_1,,,,,0.3201645089569601,0.0,,,,,,,,,,
C11orf21,Mye_InflamMono_1,,,,,0.3155221763303613,0.0,,,,,,,,,,
RAB24,Mye_InflamMono_1,,,,,0.3128698928910073,0.0,,,,,,,,,,
LRRK2,Mye_InflamMono_1,,,,,0.3109138399564447,0.0,,,,,,,,,,
ITGAL,Mye_InflamMono_1,,,,,0.3102872253864388,0.0,,,,,,,,,,
FLNA,Mye_InflamMono_1,,,,,0.3031023740182265,0.0,,,,,,,,,,
SH2D3C,Mye_InflamMono_1,,,,,0.3026861318025544,0.0,,,,,,,,,,
S100A8,Mye_InflamMono_2,,,,,,,0.279915812165944,0.0,,,,,,,,
S100A12,Mye_InflamMono_2,,,,,,,0.2498413137062367,0.0,,,,,,,,
S100A9,Mye_InflamMono_2,,,,,,,0.2488405564454274,0.0,,,,,,,,
FCGR3B,Mye_InflamMono_2,,,,,,,0.2470011789868956,0.0,,,,,,,,
VCAN,Mye_InflamMono_2,,,,,,,0.2388183909740731,0.0,,,,,,,,
FCN1,Mye_InflamMono_2,,,,,,,0.2318218698164789,0.0,,,,,,,,
CSF3R,Mye_InflamMono_2,,,,,,,0.2307467931372,0.0,,,,,,,,
SLC25A37,Mye_InflamMono_2,,,,,,,0.2091013994341831,0.0,,,,,,,,
CXCR2,Mye_InflamMono_2,,,,,,,0.1933760693164656,0.0,,,,,,,,
TMEM154,Mye_InflamMono_2,,,,,,,0.1916564564019817,0.0,,,,,,,,
CMTM2,Mye_InflamMono_2,,,,,,,0.1870048342330205,0.0,,,,,,,,
CXCR1,Mye_InflamMono_2,,,,,,,0.1839852283530299,0.0,,,,,,,,
LRRK2,Mye_InflamMono_2,,,,,,,0.1835080231917629,0.0,,,,,,,,
SELL,Mye_InflamMono_2,,,,,,,0.176101909534336,0.0,,,,,,,,
FPR1,Mye_InflamMono_2,,,,,,,0.1681149000544845,0.0,,,,,,,,
LRG1,Mye_InflamMono_2,,,,,,,0.1631108263945502,0.0,,,,,,,,
STEAP4,Mye_InflamMono_2,,,,,,,0.1610572354231882,0.0,,,,,,,,
FPR2,Mye_InflamMono_2,,,,,,,0.1586881361984854,0.0,,,,,,,,
MNDA,Mye_InflamMono_2,,,,,,,0.1582766200820741,0.0,,,,,,,,
MEGF9,Mye_InflamMono_2,,,,,,,0.1556519685354079,0.0,,,,,,,,
AQP9,Mye_InflamMono_2,,,,,,,0.1539755344884048,0.0,,,,,,,,
CDA,Mye_InflamMono_2,,,,,,,0.1533709419429726,0.0,,,,,,,,
LYST,Mye_InflamMono_2,,,,,,,0.152973622170394,0.0,,,,,,,,
CD300E,Mye_InflamMono_2,,,,,,,0.1506188200060096,0.0,,,,,,,,
CPD,Mye_InflamMono_2,,,,,,,0.1492992568358205,0.0,,,,,,,,
S100A6,Mye_InflamMono_2,,,,,,,0.1458301770952146,0.0,,,,,,,,
ICAM3,Mye_InflamMono_2,,,,,,,0.1442326936208313,0.0,,,,,,,,
SORL1,Mye_InflamMono_2,,,,,,,0.14281953177428,0.0,,,,,,,,
CLEC4E,Mye_InflamMono_2,,,,,,,0.1425799507383129,0.0,,,,,,,,
SLC2A3,Mye_InflamMono_2,,,,,,,0.1391448006563354,0.0,,,,,,,,
H3F3A,Mye_InflamMono_2,,,,,,,0.1389039484190928,0.0,,,,,,,,
FGR,Mye_InflamMono_2,,,,,,,0.1375342327440697,0.0,,,,,,,,
SMCHD1,Mye_InflamMono_2,,,,,,,0.1362222930833545,0.0,,,,,,,,
KCNJ15,Mye_InflamMono_2,,,,,,,0.1360289648719978,0.0,,,,,,,,
IL18RAP,Mye_InflamMono_2,,,,,,,0.135783514101992,0.0,,,,,,,,
IL1R2,Mye_InflamMono_2,,,,,,,0.1347688944605005,0.0,,,,,,,,
CSTA,Mye_InflamMono_2,,,,,,,0.1334089073630435,0.0,,,,,,,,
NCF1,Mye_InflamMono_2,,,,,,,0.1311503749284662,0.0,,,,,,,,
IFITM2,Mye_InflamMono_2,,,,,,,0.1310446999194578,0.0,,,,,,,,
S100A4,Mye_InflamMono_2,,,,,,,0.1277883625538328,0.0,,,,,,,,
EPHB1,Mye_InflamMono_2,,,,,,,0.1276962561781034,0.0,,,,,,,,
SLC11A1,Mye_InflamMono_2,,,,,,,0.1270491951699738,0.0,,,,,,,,
DGAT2,Mye_InflamMono_2,,,,,,,0.1269086558585356,0.0,,,,,,,,
LYZ,Mye_InflamMono_2,,,,,,,0.1252209972519496,0.0,,,,,,,,
CD55,Mye_InflamMono_2,,,,,,,0.1243041938701017,0.0,,,,,,,,
NFE2,Mye_InflamMono_2,,,,,,,0.1222389993801673,0.0,,,,,,,,
CORO1A,Mye_InflamMono_2,,,,,,,0.1208453214174059,0.0,,,,,,,,
LSP1,Mye_InflamMono_2,,,,,,,0.1202526208669365,0.0,,,,,,,,
MXD1,Mye_InflamMono_2,,,,,,,0.1198388601644665,0.0,,,,,,,,
SULF2,Mye_InflamMono_2,,,,,,,0.1192560479377468,0.0,,,,,,,,
FCN1,Mye_NonClassicalMono,,,,,,,,,0.5681237527073117,0.0,,,,,,
CX3CR1,Mye_NonClassicalMono,,,,,,,,,0.5043156377863747,0.0,,,,,,
CORO1A,Mye_NonClassicalMono,,,,,,,,,0.4832836987223442,0.0,,,,,,
CD79B,Mye_NonClassicalMono,,,,,,,,,0.4827505522284526,0.0,,,,,,
IFITM2,Mye_NonClassicalMono,,,,,,,,,0.4819401004636022,0.0,,,,,,
LIMD2,Mye_NonClassicalMono,,,,,,,,,0.478177855681493,0.0,,,,,,
POU2F2,Mye_NonClassicalMono,,,,,,,,,0.4757825076989432,0.0,,,,,,
CFP,Mye_NonClassicalMono,,,,,,,,,0.4739121546881772,0.0,,,,,,
LYST,Mye_NonClassicalMono,,,,,,,,,0.4725319716668854,0.0,,,,,,
LST1,Mye_NonClassicalMono,,,,,,,,,0.4690699340549662,0.0,,,,,,
GPBAR1,Mye_NonClassicalMono,,,,,,,,,0.4676586324907457,0.0,,,,,,
LILRA1,Mye_NonClassicalMono,,,,,,,,,0.4658753309830704,0.0,,,,,,
C19orf38,Mye_NonClassicalMono,,,,,,,,,0.4597347593388776,0.0,,,,,,
FGR,Mye_NonClassicalMono,,,,,,,,,0.4590178500219334,0.0,,,,,,
COTL1,Mye_NonClassicalMono,,,,,,,,,0.4561165479352021,0.0,,,,,,
LILRA5,Mye_NonClassicalMono,,,,,,,,,0.4549219498087811,0.0,,,,,,
ICAM3,Mye_NonClassicalMono,,,,,,,,,0.4485657151715431,0.0,,,,,,
SYTL1,Mye_NonClassicalMono,,,,,,,,,0.4404420188917222,0.0,,,,,,
CDKN1C,Mye_NonClassicalMono,,,,,,,,,0.438296166864134,0.0,,,,,,
TESC,Mye_NonClassicalMono,,,,,,,,,0.4272116270381162,0.0,,,,,,
S100A4,Mye_NonClassicalMono,,,,,,,,,0.4247372100283227,0.0,,,,,,
LILRB2,Mye_NonClassicalMono,,,,,,,,,0.4138771402623122,0.0,,,,,,
LYPD2,Mye_NonClassicalMono,,,,,,,,,0.4132091829663389,0.0,,,,,,
SPN,Mye_NonClassicalMono,,,,,,,,,0.4070511780133874,0.0,,,,,,
CLEC12A,Mye_NonClassicalMono,,,,,,,,,0.4019170591392458,0.0,,,,,,
MYO1G,Mye_NonClassicalMono,,,,,,,,,0.4007242402210543,0.0,,,,,,
NEURL1,Mye_NonClassicalMono,,,,,,,,,0.3987056596346504,0.0,,,,,,
TRAF3IP3,Mye_NonClassicalMono,,,,,,,,,0.3953100827379073,0.0,,,,,,
PRAM1,Mye_NonClassicalMono,,,,,,,,,0.3940640232013064,0.0,,,,,,
APOBEC3A,Mye_NonClassicalMono,,,,,,,,,0.3933496466524797,0.0,,,,,,
CD48,Mye_NonClassicalMono,,,,,,,,,0.3914055766952074,0.0,,,,,,
SH2D3C,Mye_NonClassicalMono,,,,,,,,,0.3898345649183009,0.0,,,,,,
CDH23,Mye_NonClassicalMono,,,,,,,,,0.3894517743042274,0.0,,,,,,
PLAC8,Mye_NonClassicalMono,,,,,,,,,0.3868922675934486,0.0,,,,,,
C11orf21,Mye_NonClassicalMono,,,,,,,,,0.386189602035998,0.0,,,,,,
TNFSF10,Mye_NonClassicalMono,,,,,,,,,0.3848956591358373,0.0,,,,,,
ITGAL,Mye_NonClassicalMono,,,,,,,,,0.3839623507757639,0.0,,,,,,
STXBP2,Mye_NonClassicalMono,,,,,,,,,0.3811183268546271,0.0,,,,,,
CYFIP2,Mye_NonClassicalMono,,,,,,,,,0.377697404657385,0.0,,,,,,
RAB24,Mye_NonClassicalMono,,,,,,,,,0.3756883718264461,0.0,,,,,,
WARS,Mye_NonClassicalMono,,,,,,,,,0.3729562226993997,0.0,,,,,,
CD300E,Mye_NonClassicalMono,,,,,,,,,0.3714546963598303,0.0,,,,,,
CDKN2D,Mye_NonClassicalMono,,,,,,,,,0.3701532123612664,0.0,,,,,,
TMEM154,Mye_NonClassicalMono,,,,,,,,,0.3637443749404875,0.0,,,,,,
S1PR4,Mye_NonClassicalMono,,,,,,,,,0.362457205516565,0.0,,,,,,
S100A6,Mye_NonClassicalMono,,,,,,,,,0.3566495796886337,0.0,,,,,,
LILRA2,Mye_NonClassicalMono,,,,,,,,,0.3554560909072676,0.0,,,,,,
CRIP1,Mye_NonClassicalMono,,,,,,,,,0.3475951852091125,0.0,,,,,,
CD52,Mye_NonClassicalMono,,,,,,,,,0.3452883933932009,0.0,,,,,,
CCDC88C,Mye_NonClassicalMono,,,,,,,,,0.3452368334300809,0.0,,,,,,
LGMN,Mye_TissueResMac_1,,,,,,,,,,,0.4378709654133277,0.0,,,,
SLC40A1,Mye_TissueResMac_1,,,,,,,,,,,0.4226766769724537,0.0,,,,
A2M,Mye_TissueResMac_1,,,,,,,,,,,0.4048790606744605,0.0,,,,
FOLR2,Mye_TissueResMac_1,,,,,,,,,,,0.3849518041455893,0.0,,,,
RGS1,Mye_TissueResMac_1,,,,,,,,,,,0.3716674045317958,0.0,,,,
C1QC,Mye_TissueResMac_1,,,,,,,,,,,0.3670471462023182,0.0,,,,
ALB,Mye_TissueResMac_1,,,,,,,,,,,0.3583508467861523,0.0,,,,
APOC3,Mye_TissueResMac_1,,,,,,,,,,,0.3488472474181273,0.0,,,,
MAF,Mye_TissueResMac_1,,,,,,,,,,,0.3472792230735433,0.0,,,,
APOA2,Mye_TissueResMac_1,,,,,,,,,,,0.3470516126698607,0.0,,,,
APOA1,Mye_TissueResMac_1,,,,,,,,,,,0.3451021572440426,0.0,,,,
C1QB,Mye_TissueResMac_1,,,,,,,,,,,0.3394160481941435,0.0,,,,
APOE,Mye_TissueResMac_1,,,,,,,,,,,0.3337432437166024,0.0,,,,
TTR,Mye_TissueResMac_1,,,,,,,,,,,0.3317489994206079,0.0,,,,
MS4A6A,Mye_TissueResMac_1,,,,,,,,,,,0.3302130670033255,0.0,,,,
RNASE1,Mye_TissueResMac_1,,,,,,,,,,,0.3291074319392936,0.0,,,,
GPR34,Mye_TissueResMac_1,,,,,,,,,,,0.3243771269519614,0.0,,,,
CCL3,Mye_TissueResMac_1,,,,,,,,,,,0.3178524106750523,0.0,,,,
PLTP,Mye_TissueResMac_1,,,,,,,,,,,0.3161797505476874,0.0,,,,
C1QA,Mye_TissueResMac_1,,,,,,,,,,,0.314822321767736,0.0,,,,
CTSB,Mye_TissueResMac_1,,,,,,,,,,,0.3119390806736737,0.0,,,,
ARL4C,Mye_TissueResMac_1,,,,,,,,,,,0.3077338277301487,0.0,,,,
DAB2,Mye_TissueResMac_1,,,,,,,,,,,0.3066153236132668,0.0,,,,
SDC3,Mye_TissueResMac_1,,,,,,,,,,,0.3032074186304355,0.0,,,,
AMBP,Mye_TissueResMac_1,,,,,,,,,,,0.2995743641819526,0.0,,,,
IER3,Mye_TissueResMac_1,,,,,,,,,,,0.2988509819066692,0.0,,,,
APOH,Mye_TissueResMac_1,,,,,,,,,,,0.2986087751164945,0.0,,,,
MARCKS,Mye_TissueResMac_1,,,,,,,,,,,0.2970645988840039,0.0,,,,
GATM,Mye_TissueResMac_1,,,,,,,,,,,0.2939237499656523,0.0,,,,
GPR183,Mye_TissueResMac_1,,,,,,,,,,,0.2914222041633557,0.0,,,,
FPR3,Mye_TissueResMac_1,,,,,,,,,,,0.2907287894455266,0.0,,,,
CCL4L2,Mye_TissueResMac_1,,,,,,,,,,,0.290060070654923,0.0,,,,
LILRB5,Mye_TissueResMac_1,,,,,,,,,,,0.2896973413333548,0.0,,,,
FGB,Mye_TissueResMac_1,,,,,,,,,,,0.2876430655274774,0.0,,,,
CCL4,Mye_TissueResMac_1,,,,,,,,,,,0.286788499030617,0.0,,,,
CXCL12,Mye_TissueResMac_1,,,,,,,,,,,0.2851622957716781,0.0,,,,
FGG,Mye_TissueResMac_1,,,,,,,,,,,0.2833587043254058,0.0,,,,
CD163,Mye_TissueResMac_1,,,,,,,,,,,0.2831230247563127,0.0,,,,
LIPA,Mye_TissueResMac_1,,,,,,,,,,,0.2825048535271507,0.0,,,,
C1orf54,Mye_TissueResMac_1,,,,,,,,,,,0.2818222802139529,0.0,,,,
ORM1,Mye_TissueResMac_1,,,,,,,,,,,0.280043792840586,0.0,,,,
SGK1,Mye_TissueResMac_1,,,,,,,,,,,0.2796793296685135,0.0,,,,
PLD3,Mye_TissueResMac_1,,,,,,,,,,,0.2790504504840326,0.0,,,,
VCAM1,Mye_TissueResMac_1,,,,,,,,,,,0.2757299621563256,0.0,,,,
STAB1,Mye_TissueResMac_1,,,,,,,,,,,0.2742111733417161,0.0,,,,
GADD45B,Mye_TissueResMac_1,,,,,,,,,,,0.2726988713098385,0.0,,,,
NRP1,Mye_TissueResMac_1,,,,,,,,,,,0.2683991491236867,0.0,,,,
FGA,Mye_TissueResMac_1,,,,,,,,,,,0.2680855597096283,0.0,,,,
CD84,Mye_TissueResMac_1,,,,,,,,,,,0.2637635494340927,0.0,,,,
NR4A2,Mye_TissueResMac_1,,,,,,,,,,,0.2630351172363873,0.0,,,,
CD5L,Mye_TissueResMac_2,,,,,,,,,,,,,0.283870916828804,0.0,,
SLC40A1,Mye_TissueResMac_2,,,,,,,,,,,,,0.272186699862914,0.0,,
FOLR2,Mye_TissueResMac_2,,,,,,,,,,,,,0.2445144266465862,0.0,,
CETP,Mye_TissueResMac_2,,,,,,,,,,,,,0.2441803022201546,0.0,,
C1QC,Mye_TissueResMac_2,,,,,,,,,,,,,0.2406132362358952,0.0,,
LGMN,Mye_TissueResMac_2,,,,,,,,,,,,,0.2346955938347648,0.0,,
ITLN1,Mye_TissueResMac_2,,,,,,,,,,,,,0.2292063926921529,0.0,,
C1QB,Mye_TissueResMac_2,,,,,,,,,,,,,0.2266891647290259,0.0,,
MS4A6A,Mye_TissueResMac_2,,,,,,,,,,,,,0.2167053764819135,0.0,,
CXCL12,Mye_TissueResMac_2,,,,,,,,,,,,,0.2161851877208141,0.0,,
C1QA,Mye_TissueResMac_2,,,,,,,,,,,,,0.2065210187167486,0.0,,
C1orf54,Mye_TissueResMac_2,,,,,,,,,,,,,0.1940232721620244,0.0,,
VCAM1,Mye_TissueResMac_2,,,,,,,,,,,,,0.1812157529807642,0.0,,
TMIGD3,Mye_TissueResMac_2,,,,,,,,,,,,,0.1797720086464657,0.0,,
ALB,Mye_TissueResMac_2,,,,,,,,,,,,,0.1772473661152162,0.0,,
LILRB5,Mye_TissueResMac_2,,,,,,,,,,,,,0.1763852132079595,0.0,,
FTL,Mye_TissueResMac_2,,,,,,,,,,,,,0.1750687402562846,0.0,,
APOE,Mye_TissueResMac_2,,,,,,,,,,,,,0.174147917625283,0.0,,
SDC3,Mye_TissueResMac_2,,,,,,,,,,,,,0.1703285369605002,0.0,,
LIPA,Mye_TissueResMac_2,,,,,,,,,,,,,0.1652971552495798,0.0,,
A2M,Mye_TissueResMac_2,,,,,,,,,,,,,0.1652511399023977,0.0,,
PLTP,Mye_TissueResMac_2,,,,,,,,,,,,,0.1626625716603348,0.0,,
CTSB,Mye_TissueResMac_2,,,,,,,,,,,,,0.1622313732188606,0.0,,
MAF,Mye_TissueResMac_2,,,,,,,,,,,,,0.1610479690354667,0.0,,
TIMD4,Mye_TissueResMac_2,,,,,,,,,,,,,0.1599630135160271,0.0,,
TMEM37,Mye_TissueResMac_2,,,,,,,,,,,,,0.1592517863159008,0.0,,
GPR34,Mye_TissueResMac_2,,,,,,,,,,,,,0.1581996921911208,0.0,,
CCL3,Mye_TissueResMac_2,,,,,,,,,,,,,0.1580535415280037,0.0,,
RGS1,Mye_TissueResMac_2,,,,,,,,,,,,,0.1563289736535979,0.0,,
ARL4C,Mye_TissueResMac_2,,,,,,,,,,,,,0.1553019247671558,0.0,,
SPIC,Mye_TissueResMac_2,,,,,,,,,,,,,0.1547875451682745,0.0,,
SCN1B,Mye_TissueResMac_2,,,,,,,,,,,,,0.150732656167064,0.0,,
CD63,Mye_TissueResMac_2,,,,,,,,,,,,,0.1491846187272703,0.0,,
BLVRB,Mye_TissueResMac_2,,,,,,,,,,,,,0.1482124227241585,0.0,,
FCGRT,Mye_TissueResMac_2,,,,,,,,,,,,,0.1476533040756652,0.0,,
CREG1,Mye_TissueResMac_2,,,,,,,,,,,,,0.1475824234727928,0.0,,
LYVE1,Mye_TissueResMac_2,,,,,,,,,,,,,0.1472277598738092,0.0,,
DAB2,Mye_TissueResMac_2,,,,,,,,,,,,,0.1472181500328778,0.0,,
PLD3,Mye_TissueResMac_2,,,,,,,,,,,,,0.142516280047995,0.0,,
FEZ1,Mye_TissueResMac_2,,,,,,,,,,,,,0.1424046825472495,0.0,,
EPB41L2,Mye_TissueResMac_2,,,,,,,,,,,,,0.1415703172500041,0.0,,
CCL4,Mye_TissueResMac_2,,,,,,,,,,,,,0.140497445659178,0.0,,
MS4A4A,Mye_TissueResMac_2,,,,,,,,,,,,,0.1352438916370724,0.0,,
GATM,Mye_TissueResMac_2,,,,,,,,,,,,,0.1348875630056112,0.0,,
MARCKS,Mye_TissueResMac_2,,,,,,,,,,,,,0.1339489984427954,0.0,,
FPR3,Mye_TissueResMac_2,,,,,,,,,,,,,0.1312281800122139,0.0,,
EBI3,Mye_TissueResMac_2,,,,,,,,,,,,,0.1304443858609566,0.0,,
ETV5,Mye_TissueResMac_2,,,,,,,,,,,,,0.1301940954240855,0.0,,
BASP1,Mye_TissueResMac_2,,,,,,,,,,,,,0.1300717442981612,0.0,,
GADD45B,Mye_TissueResMac_2,,,,,,,,,,,,,0.1296352460333034,0.0,,
LGMN,Mye_TissueResMac_3,,,,,,,,,,,,,,,0.5594371801287316,0.0
SLC40A1,Mye_TissueResMac_3,,,,,,,,,,,,,,,0.5377524900021744,0.0
CD5L,Mye_TissueResMac_3,,,,,,,,,,,,,,,0.5131565904306936,0.0
FOLR2,Mye_TissueResMac_3,,,,,,,,,,,,,,,0.5083338264431356,0.0
SDC3,Mye_TissueResMac_3,,,,,,,,,,,,,,,0.4973129816834575,0.0
CXCL12,Mye_TissueResMac_3,,,,,,,,,,,,,,,0.4968831988629056,0.0
CETP,Mye_TissueResMac_3,,,,,,,,,,,,,,,0.4807941923118433,0.0
C1QC,Mye_TissueResMac_3,,,,,,,,,,,,,,,0.4801144730072564,0.0
VCAM1,Mye_TissueResMac_3,,,,,,,,,,,,,,,0.4795394333279122,0.0
NDST3,Mye_TissueResMac_3,,,,,,,,,,,,,,,0.4723058584036173,0.0
LILRB5,Mye_TissueResMac_3,,,,,,,,,,,,,,,0.4665895820834143,0.0
A2M,Mye_TissueResMac_3,,,,,,,,,,,,,,,0.4557115736670132,0.0
C1QB,Mye_TissueResMac_3,,,,,,,,,,,,,,,0.4461798435067624,0.0
MAF,Mye_TissueResMac_3,,,,,,,,,,,,,,,0.4455714917770526,0.0
ARL4C,Mye_TissueResMac_3,,,,,,,,,,,,,,,0.444872265301977,0.0
C1orf54,Mye_TissueResMac_3,,,,,,,,,,,,,,,0.4327916350331818,0.0
RGS1,Mye_TissueResMac_3,,,,,,,,,,,,,,,0.4301619177049698,0.0
CTSB,Mye_TissueResMac_3,,,,,,,,,,,,,,,0.4185240270071724,0.0
CCL3,Mye_TissueResMac_3,,,,,,,,,,,,,,,0.416734653160459,0.0
CD163,Mye_TissueResMac_3,,,,,,,,,,,,,,,0.4126753766136642,0.0
C1QA,Mye_TissueResMac_3,,,,,,,,,,,,,,,0.411974433072844,0.0
EPB41L2,Mye_TissueResMac_3,,,,,,,,,,,,,,,0.4060766923664922,0.0
CDH5,Mye_TissueResMac_3,,,,,,,,,,,,,,,0.4057131285785963,0.0
TIMD4,Mye_TissueResMac_3,,,,,,,,,,,,,,,0.4056688740768083,0.0
TMEM37,Mye_TissueResMac_3,,,,,,,,,,,,,,,0.4056596660257184,0.0
LIPA,Mye_TissueResMac_3,,,,,,,,,,,,,,,0.4031609445052116,0.0
MS4A6A,Mye_TissueResMac_3,,,,,,,,,,,,,,,0.4014339424646597,0.0
APOE,Mye_TissueResMac_3,,,,,,,,,,,,,,,0.4004444190874093,0.0
RGL1,Mye_TissueResMac_3,,,,,,,,,,,,,,,0.3974348355473425,0.0
PLTP,Mye_TissueResMac_3,,,,,,,,,,,,,,,0.3960831031036212,0.0
FPR3,Mye_TissueResMac_3,,,,,,,,,,,,,,,0.3948108671999487,0.0
DAB2,Mye_TissueResMac_3,,,,,,,,,,,,,,,0.3884693698062489,0.0
LYVE1,Mye_TissueResMac_3,,,,,,,,,,,,,,,0.3874336100949456,0.0
ABCA1,Mye_TissueResMac_3,,,,,,,,,,,,,,,0.3832478913976014,0.0
CCL4,Mye_TissueResMac_3,,,,,,,,,,,,,,,0.3832233280916534,0.0
GPR34,Mye_TissueResMac_3,,,,,,,,,,,,,,,0.382168269056554,0.0
PLD3,Mye_TissueResMac_3,,,,,,,,,,,,,,,0.3819085858424889,0.0
ITLN1,Mye_TissueResMac_3,,,,,,,,,,,,,,,0.3751453107137938,0.0
FRMD4B,Mye_TissueResMac_3,,,,,,,,,,,,,,,0.3708600456489006,0.0
CD84,Mye_TissueResMac_3,,,,,,,,,,,,,,,0.3692465519593942,0.0
GADD45B,Mye_TissueResMac_3,,,,,,,,,,,,,,,0.3690779896806719,0.0
AXL,Mye_TissueResMac_3,,,,,,,,,,,,,,,0.3686180008120827,0.0
MARCKS,Mye_TissueResMac_3,,,,,,,,,,,,,,,0.3636990387601876,0.0
CCL4L2,Mye_TissueResMac_3,,,,,,,,,,,,,,,0.3610740389500793,0.0
GATM,Mye_TissueResMac_3,,,,,,,,,,,,,,,0.359368384865796,0.0
CREG1,Mye_TissueResMac_3,,,,,,,,,,,,,,,0.3592787447594093,0.0
NRP1,Mye_TissueResMac_3,,,,,,,,,,,,,,,0.3554165460620071,0.0
TSPAN4,Mye_TissueResMac_3,,,,,,,,,,,,,,,0.3527254883173642,0.0
ETV5,Mye_TissueResMac_3,,,,,,,,,,,,,,,0.3509147604541524,0.0
GPNMB,Mye_TissueResMac_3,,,,,,,,,,,,,,,0.3493404128517305,0.0
