cell_id,terminal_state,final_subtype
T_D15-CATCCACCATCATCCC.Pre_P012_b_0,Mye_TissueResMac_2,Mye_TissueResMac
T_D10-GTTGTAGTCTTCCCAG-1-LUAD03_2,Mye_FABP4,Mye_FABP4
T_D24-AGATTGCCAGACAGGT_LUNG_N01_2,Mye_FABP4,Mye_FABP4
T_D24-AGTAGTCTCCCAAGTA_LUNG_N01_2,Mye_FABP4,Mye_FABP4
T_D24-CAGCGACTCCGAATGT_LUNG_N01_2,Mye_FABP4,Mye_FABP4
T_D24-CTCGAAATCACCTTAT_LUNG_N01_2,Mye_FABP4,Mye_FABP4
T_D24-GCGCAACAGTCCGTAT_LUNG_N34_2,Mye_FABP4,Mye_FABP4
T_D37-HRA000154_SSN05_SSN_TTTATGCCAGGTGCCT_2,Mye_FABP4,Mye_FABP4
T_D37-HRA000154_SSN28_SSN_AGAGCGATCCATGAGT_2,Mye_FABP4,Mye_FABP4
T_D37-HRA000154_SSN28_SSN_TGCCAAAGTACAGCAG_2,Mye_FABP4,Mye_FABP4
T_D37-HRA000154_SSN31_SSN_CAAGGCCAGAGTCTGG_2,Mye_FABP4,Mye_FABP4
T_D12-TCGCTCACACGGAAGT-1-PDAC01_3,Mye_TissueResMac_2,Mye_TissueResMac
T_D12-CGAGTTACACTGTCGG-1-PDAC06_3,Mye_InflamMono_2,Mye_InflamMono
T_D12-AGGGAGTGTGGGTCAA-1-PDAC12_3,Mye_FABP4,Mye_FABP4
T_D12-GAACTGTTCGTAGCTA-1-PDAC12_3,Mye_FABP4,Mye_FABP4
T_D12-GCAACATCAGTCTCTC-1-PDAC16_3,Mye_TissueResMac_2,Mye_TissueResMac
T_D12-CGTTGGGCAAGCGTAG-1-PDAC25_3,Mye_TissueResMac_2,Mye_TissueResMac
T_D23-CTCTAATGTGTCGCTG-1-GSE154778_PDAC08_3,Mye_FABP4,Mye_FABP4
T_D27-AGACAGGCAGAAATTG-1-GSE155698_10_Tumor_3,Mye_InflamMono_2,Mye_InflamMono
T_D27-AGTTCGAGTACCAGAG-1-GSE155698_10_Tumor_3,Mye_InflamMono_2,Mye_InflamMono
T_D27-ATAGAGATCTGCCTCA-1-GSE155698_10_Tumor_3,Mye_InflamMono_2,Mye_InflamMono
T_D27-ATCGTCCGTTGCTGAT-1-GSE155698_10_Tumor_3,Mye_InflamMono_2,Mye_InflamMono
T_D27-ATTACCTGTACTTCCC-1-GSE155698_10_Tumor_3,Mye_InflamMono_2,Mye_InflamMono
T_D27-CAATTTCGTTTCCAAG-1-GSE155698_10_Tumor_3,Mye_InflamMono_2,Mye_InflamMono
T_D27-CACTGAACACGGGCTT-1-GSE155698_10_Tumor_3,Mye_InflamMono_2,Mye_InflamMono
T_D27-CAGTTCCCACGTAGAG-1-GSE155698_10_Tumor_3,Mye_InflamMono_2,Mye_InflamMono
T_D27-CATGCGGCAGCACCCA-1-GSE155698_10_Tumor_3,Mye_InflamMono_2,Mye_InflamMono
T_D27-CATGGTAAGCCTTCTC-1-GSE155698_10_Tumor_3,Mye_InflamMono_2,Mye_InflamMono
T_D27-CCGGACAAGCTAATCC-1-GSE155698_10_Tumor_3,Mye_InflamMono_2,Mye_InflamMono
T_D27-CGGAGAACAGTGTACT-1-GSE155698_10_Tumor_3,Mye_InflamMono_2,Mye_InflamMono
T_D27-CGGGTCATCGATCCCT-1-GSE155698_10_Tumor_3,Mye_InflamMono_2,Mye_InflamMono
T_D27-CTCCTTTAGAAGCCAC-1-GSE155698_10_Tumor_3,Mye_InflamMono_2,Mye_InflamMono
T_D27-GAACTGTTCCGTGACG-1-GSE155698_10_Tumor_3,Mye_InflamMono_2,Mye_InflamMono
T_D27-GAAGGGTTCACTACGA-1-GSE155698_10_Tumor_3,Mye_InflamMono_2,Mye_InflamMono
T_D27-GAGGGATAGCTGCCAC-1-GSE155698_10_Tumor_3,Mye_InflamMono_2,Mye_InflamMono
T_D27-GGCTTTCTCCCTTGTG-1-GSE155698_10_Tumor_3,Mye_InflamMono_2,Mye_InflamMono
T_D27-GGGCTCAGTTGGTAGG-1-GSE155698_10_Tumor_3,Mye_InflamMono_2,Mye_InflamMono
T_D27-GTCAGCGGTGACTAAA-1-GSE155698_10_Tumor_3,Mye_InflamMono_2,Mye_InflamMono
T_D27-GTGCACGGTTACCGTA-1-GSE155698_10_Tumor_3,Mye_InflamMono_2,Mye_InflamMono
T_D27-GTGGGAAGTTGGGATG-1-GSE155698_10_Tumor_3,Mye_InflamMono_2,Mye_InflamMono
T_D27-TATATCCGTAGCACAG-1-GSE155698_10_Tumor_3,Mye_InflamMono_2,Mye_InflamMono
T_D27-TCATTACCAGGTCCGT-1-GSE155698_10_Tumor_3,Mye_InflamMono_2,Mye_InflamMono
T_D27-TCGCTCATCGGTCGGT-1-GSE155698_10_Tumor_3,Mye_InflamMono_2,Mye_InflamMono
T_D27-TGAGGAGGTTTGGCTA-1-GSE155698_10_Tumor_3,Mye_InflamMono_2,Mye_InflamMono
T_D27-TGGTGATTCTGAGATC-1-GSE155698_10_Tumor_3,Mye_InflamMono_2,Mye_InflamMono
T_D27-TTACCATTCTCCCTAG-1-GSE155698_10_Tumor_3,Mye_InflamMono_2,Mye_InflamMono
T_D27-TTCATTGTCGCTTTAT-1-GSE155698_10_Tumor_3,Mye_InflamMono_2,Mye_InflamMono
T_D27-CGCCATTAGGCAGGTT-1-GSE155698_15_Tumor_3,Mye_FABP4,Mye_FABP4
T_D27-GCCCAGAAGGCTTAAA-1-GSE155698_15_Tumor_3,Mye_FABP4,Mye_FABP4
T_D27-GTAAGTCCAGGCTACC-1-GSE155698_15_Tumor_3,Mye_FABP4,Mye_FABP4
T_D27-GTCCCATGTGTCATTG-1-GSE155698_15_Tumor_3,Mye_FABP4,Mye_FABP4
T_D27-GTCCTCAAGACGCCCT-1-GSE155698_15_Tumor_3,Mye_FABP4,Mye_FABP4
T_D27-TACCCGTCATGACGAG-1-GSE155698_15_Tumor_3,Mye_FABP4,Mye_FABP4
T_D27-TATCTGTGTGTTGACT-1-GSE155698_15_Tumor_3,Mye_FABP4,Mye_FABP4
T_D27-TGACAGTGTCTAATCG-1-GSE155698_15_Tumor_3,Mye_FABP4,Mye_FABP4
T_D27-TGGTTAGCAATTAGGA-1-GSE155698_15_Tumor_3,Mye_FABP4,Mye_FABP4
T_D27-TGTTGGAAGTACAACA-1-GSE155698_15_Tumor_3,Mye_FABP4,Mye_FABP4
T_D27-TTGTTTGCAGAGACTG-1-GSE155698_15_Tumor_3,Mye_FABP4,Mye_FABP4
T_D02-HCC05T_AACTCCCCAGCTTCGG_4,Mye_InflamMono_1,Mye_InflamMono
T_D02-HCC05T_ACGCAGCCAAATCCGT_4,Mye_InflamMono_1,Mye_InflamMono
T_D02-HCC05T_CGGTTAACAAAGAATC_4,Mye_InflamMono_1,Mye_InflamMono
T_D02-HCC05T_GGATGTTCAGCTCCGA_4,Mye_InflamMono_1,Mye_InflamMono
T_D02-HCC03N_AAAGCAAGTGCCTGTG_4,Mye_TissueResMac_1,Mye_TissueResMac
T_D02-HCC03N_AACGTTGTCTTAGAGC_4,Mye_TissueResMac_1,Mye_TissueResMac
T_D02-HCC03N_ACATGGTTCTCGCATC_4,Mye_TissueResMac_1,Mye_TissueResMac
T_D02-HCC03N_ACCAGTAAGCGTTGCC_4,Mye_TissueResMac_1,Mye_TissueResMac
T_D02-HCC03N_ACGCCAGCATCGACGC_4,Mye_TissueResMac_1,Mye_TissueResMac
T_D02-HCC03N_ACTATCTCACCGTTGG_4,Mye_TissueResMac_1,Mye_TissueResMac
T_D02-HCC03N_ACTGTCCTCCTTAATC_4,Mye_TissueResMac_1,Mye_TissueResMac
T_D02-HCC03N_AGTGTCAGTCGCATAT_4,Mye_TissueResMac_1,Mye_TissueResMac
T_D02-HCC03N_ATCTGCCGTTGTACAC_4,Mye_TissueResMac_1,Mye_TissueResMac
T_D02-HCC03N_CAGAGAGCATCTGGTA_4,Mye_TissueResMac_1,Mye_TissueResMac
T_D02-HCC03N_CAGGTGCGTAGCGTGA_4,Mye_TissueResMac_1,Mye_TissueResMac
T_D02-HCC03N_CAGGTGCTCTCACATT_4,Mye_InflamMono_1,Mye_InflamMono
T_D02-HCC03N_CAGTCCTCACGGCCAT_4,Mye_TissueResMac_1,Mye_TissueResMac
T_D02-HCC03N_CATATGGCATGTCTCC_4,Mye_TissueResMac_1,Mye_TissueResMac
T_D02-HCC03N_CCATGTCAGTTACCCA_4,Mye_TissueResMac_1,Mye_TissueResMac
T_D02-HCC03N_CGCGTTTCATCTACGA_4,Mye_TissueResMac_1,Mye_TissueResMac
T_D02-HCC03N_CGTCCATTCGAATCCA_4,Mye_TissueResMac_1,Mye_TissueResMac
T_D02-HCC03N_CTCGGGAGTCCGAAGA_4,Mye_TissueResMac_1,Mye_TissueResMac
T_D02-HCC03N_CTTACCGTCATGCATG_4,Mye_TissueResMac_1,Mye_TissueResMac
T_D02-HCC03N_GCGCCAATCACCGGGT_4,Mye_TissueResMac_1,Mye_TissueResMac
T_D02-HCC03N_GCTGCAGTCAGGTTCA_4,Mye_TissueResMac_1,Mye_TissueResMac
T_D02-HCC03N_GGAGCAACACGGTAGA_4,Mye_TissueResMac_1,Mye_TissueResMac
T_D02-HCC03N_GTGTGCGAGGCGTACA_4,Mye_TissueResMac_1,Mye_TissueResMac
T_D02-HCC03N_TAGACCAAGTACGTAA_4,Mye_InflamMono_1,Mye_InflamMono
T_D02-HCC03N_TCAATCTTCTTGTATC_4,Mye_TissueResMac_1,Mye_TissueResMac
T_D02-HCC03N_TCTCTAATCGCATGGC_4,Mye_TissueResMac_1,Mye_TissueResMac
T_D02-HCC03N_TCTGAGAAGGTTCCTA_4,Mye_TissueResMac_1,Mye_TissueResMac
T_D02-HCC03N_TGAAAGAAGTGACTCT_4,Mye_TissueResMac_1,Mye_TissueResMac
T_D02-HCC03N_TTAGTTCTCATCTGTT_4,Mye_TissueResMac_1,Mye_TissueResMac
T_D02-HCC03N_TTCGAAGAGTTTGCGT_4,Mye_TissueResMac_1,Mye_TissueResMac
T_D02-HCC03N_TTCTCAATCGGAATCT_4,Mye_TissueResMac_1,Mye_TissueResMac
T_D02-HCC03N_TTGCCGTTCAGTTGAC_4,Mye_InflamMono_1,Mye_InflamMono
T_D02-HCC03N_TTTGGTTGTCACAAGG_4,Mye_TissueResMac_1,Mye_TissueResMac
T_D02-HCC06N_TGTATTCCACACGCTG_4,Mye_TissueResMac_2,Mye_TissueResMac
T_D43-PRJCA007744_A013_HCC_N_4111_4,Mye_TissueResMac_2,Mye_TissueResMac
T_D43-PRJCA007744_A014_HCC_8664_4,Mye_InflamMono_1,Mye_InflamMono
T_D43-PRJCA007744_A017_HCC_323_4,Mye_InflamMono_1,Mye_InflamMono
T_D43-PRJCA007744_A017_HCC_532_4,Mye_InflamMono_1,Mye_InflamMono
T_D43-PRJCA007744_A017_HCC_906_4,Mye_InflamMono_1,Mye_InflamMono
T_D43-PRJCA007744_A017_HCC_1672_4,Mye_InflamMono_1,Mye_InflamMono
T_D43-PRJCA007744_A017_HCC_1751_4,Mye_InflamMono_1,Mye_InflamMono
T_D43-PRJCA007744_A017_HCC_2532_4,Mye_InflamMono_1,Mye_InflamMono
T_D43-PRJCA007744_A017_HCC_4667_4,Mye_InflamMono_1,Mye_InflamMono
T_D43-PRJCA007744_A017_HCC_5812_4,Mye_InflamMono_1,Mye_InflamMono
T_D43-PRJCA007744_A017_HCC_6949_4,Mye_InflamMono_1,Mye_InflamMono
T_D43-PRJCA007744_A017_HCC_10417_4,Mye_InflamMono_1,Mye_InflamMono
T_D43-PRJCA007744_A017_HCC_10949_4,Mye_InflamMono_1,Mye_InflamMono
T_D43-PRJCA007744_A017_HCC_11566_4,Mye_InflamMono_1,Mye_InflamMono
T_D43-PRJCA007744_A017_HCC_11685_4,Mye_InflamMono_1,Mye_InflamMono
T_D43-PRJCA007744_A017_HCC_12354_4,Mye_InflamMono_1,Mye_InflamMono
T_D43-PRJCA007744_A017_HCC_13332_4,Mye_InflamMono_1,Mye_InflamMono
T_D43-PRJCA007744_A017_HCC_15149_4,Mye_InflamMono_1,Mye_InflamMono
T_D43-PRJCA007744_A017_HCC_16070_4,Mye_InflamMono_1,Mye_InflamMono
T_D43-PRJCA007744_A017_HCC_16148_4,Mye_InflamMono_1,Mye_InflamMono
T_D43-PRJCA007744_A017_HCC_16669_4,Mye_InflamMono_1,Mye_InflamMono
T_D43-PRJCA007744_A017_HCC_16789_4,Mye_InflamMono_1,Mye_InflamMono
T_D43-PRJCA007744_A089_HCC_2484_4,Mye_InflamMono_1,Mye_InflamMono
T_D43-PRJCA007744_A098_HCC_1906_4,Mye_InflamMono_1,Mye_InflamMono
T_D43-PRJCA007744_A106_HCC_88_4,Mye_C1QC,Mye_C1QC
T_D43-PRJCA007744_A106_HCC_264_4,Mye_C1QC,Mye_C1QC
T_D43-PRJCA007744_A106_HCC_391_4,Mye_C1QC,Mye_C1QC
T_D43-PRJCA007744_A106_HCC_611_4,Mye_C1QC,Mye_C1QC
T_D43-PRJCA007744_A106_HCC_629_4,Mye_C1QC,Mye_C1QC
T_D43-PRJCA007744_A106_HCC_1115_4,Mye_C1QC,Mye_C1QC
T_D43-PRJCA007744_A106_HCC_1140_4,Mye_C1QC,Mye_C1QC
T_D43-PRJCA007744_A106_HCC_1600_4,Mye_C1QC,Mye_C1QC
T_D43-PRJCA007744_A106_HCC_1624_4,Mye_C1QC,Mye_C1QC
T_D43-PRJCA007744_A106_HCC_2290_4,Mye_C1QC,Mye_C1QC
T_D43-PRJCA007744_A106_HCC_2500_4,Mye_C1QC,Mye_C1QC
T_D43-PRJCA007744_A106_HCC_4240_4,Mye_C1QC,Mye_C1QC
T_D43-PRJCA007744_A106_HCC_4344_4,Mye_C1QC,Mye_C1QC
T_D43-PRJCA007744_A106_HCC_4361_4,Mye_C1QC,Mye_C1QC
T_D43-PRJCA007744_A106_HCC_4407_4,Mye_C1QC,Mye_C1QC
T_D43-PRJCA007744_A106_HCC_4853_4,Mye_C1QC,Mye_C1QC
T_D43-PRJCA007744_A106_HCC_5280_4,Mye_C1QC,Mye_C1QC
T_D43-PRJCA007744_A106_HCC_5522_4,Mye_C1QC,Mye_C1QC
T_D43-PRJCA007744_A106_HCC_5782_4,Mye_C1QC,Mye_C1QC
T_D43-PRJCA007744_A106_HCC_6188_4,Mye_C1QC,Mye_C1QC
T_D43-PRJCA007744_A106_HCC_6747_4,Mye_C1QC,Mye_C1QC
T_D43-PRJCA007744_A106_HCC_6820_4,Mye_C1QC,Mye_C1QC
T_D43-PRJCA007744_A106_HCC_6831_4,Mye_C1QC,Mye_C1QC
T_D43-PRJCA007744_A106_HCC_6931_4,Mye_C1QC,Mye_C1QC
T_D43-PRJCA007744_A106_HCC_7630_4,Mye_C1QC,Mye_C1QC
T_D43-PRJCA007744_A106_HCC_7637_4,Mye_C1QC,Mye_C1QC
T_D43-PRJCA007744_A106_HCC_7758_4,Mye_C1QC,Mye_C1QC
T_D43-PRJCA007744_A106_HCC_8542_4,Mye_C1QC,Mye_C1QC
T_D43-PRJCA007744_A106_HCC_8751_4,Mye_C1QC,Mye_C1QC
T_D43-PRJCA007744_A114_HCC_2612_4,Mye_C1QC,Mye_C1QC
T_D43-PRJCA007744_A114_HCC_B_1085_4,Mye_NonClassicalMono,Mye_NonClassicalMono
T_D43-PRJCA007744_A114_HCC_B_6643_4,Mye_NonClassicalMono,Mye_NonClassicalMono
T_D43-PRJCA007744_A114_HCC_B_8279_4,Mye_NonClassicalMono,Mye_NonClassicalMono
T_D43-PRJCA007744_A114_HCC_B_8615_4,Mye_NonClassicalMono,Mye_NonClassicalMono
T_D43-PRJCA007744_A114_HCC_B_9156_4,Mye_NonClassicalMono,Mye_NonClassicalMono
T_D43-PRJCA007744_A114_HCC_N_311_4,Mye_TissueResMac_3,Mye_TissueResMac
T_D43-PRJCA007744_A114_HCC_N_854_4,Mye_TissueResMac_3,Mye_TissueResMac
T_D43-PRJCA007744_A114_HCC_N_875_4,Mye_TissueResMac_3,Mye_TissueResMac
T_D43-PRJCA007744_A114_HCC_N_1221_4,Mye_TissueResMac_3,Mye_TissueResMac
T_D43-PRJCA007744_A114_HCC_N_2186_4,Mye_TissueResMac_3,Mye_TissueResMac
T_D43-PRJCA007744_A114_HCC_N_2606_4,Mye_TissueResMac_3,Mye_TissueResMac
T_D43-PRJCA007744_A114_HCC_N_2647_4,Mye_TissueResMac_3,Mye_TissueResMac
T_D43-PRJCA007744_A114_HCC_N_2668_4,Mye_TissueResMac_3,Mye_TissueResMac
T_D43-PRJCA007744_A114_HCC_N_3382_4,Mye_TissueResMac_3,Mye_TissueResMac
T_D43-PRJCA007744_A114_HCC_N_3520_4,Mye_TissueResMac_3,Mye_TissueResMac
T_D43-PRJCA007744_A114_HCC_N_4017_4,Mye_TissueResMac_3,Mye_TissueResMac
T_D43-PRJCA007744_A114_HCC_N_4426_4,Mye_TissueResMac_3,Mye_TissueResMac
T_D43-PRJCA007744_A114_HCC_N_5619_4,Mye_TissueResMac_3,Mye_TissueResMac
T_D43-PRJCA007744_A114_HCC_N_5667_4,Mye_TissueResMac_3,Mye_TissueResMac
T_D43-PRJCA007744_A114_HCC_N_6533_4,Mye_TissueResMac_3,Mye_TissueResMac
T_D43-PRJCA007744_A114_HCC_N_6630_4,Mye_TissueResMac_3,Mye_TissueResMac
T_D43-PRJCA007744_A114_HCC_N_6900_4,Mye_TissueResMac_3,Mye_TissueResMac
T_D43-PRJCA007744_A114_HCC_N_7168_4,Mye_TissueResMac_3,Mye_TissueResMac
T_D43-PRJCA007744_A114_HCC_N_7692_4,Mye_TissueResMac_3,Mye_TissueResMac
T_D43-PRJCA007744_A114_HCC_N_7951_4,Mye_TissueResMac_3,Mye_TissueResMac
T_D43-PRJCA007744_A114_HCC_N_8001_4,Mye_TissueResMac_3,Mye_TissueResMac
T_D43-PRJCA007744_A114_HCC_N_8008_4,Mye_TissueResMac_3,Mye_TissueResMac
T_D43-PRJCA007744_A114_HCC_N_8158_4,Mye_TissueResMac_3,Mye_TissueResMac
T_D43-PRJCA007744_A114_HCC_N_8552_4,Mye_TissueResMac_3,Mye_TissueResMac
T_D43-PRJCA007744_A114_HCC_N_8680_4,Mye_TissueResMac_3,Mye_TissueResMac
T_D43-PRJCA007744_A114_HCC_N_8797_4,Mye_TissueResMac_3,Mye_TissueResMac
T_D43-PRJCA007744_A114_HCC_N_8812_4,Mye_TissueResMac_3,Mye_TissueResMac
T_D43-PRJCA007744_A114_HCC_N_8939_4,Mye_TissueResMac_3,Mye_TissueResMac
T_D43-PRJCA007744_A114_HCC_N_9082_4,Mye_TissueResMac_3,Mye_TissueResMac
T_D43-PRJCA007744_A114_HCC_N_9108_4,Mye_TissueResMac_3,Mye_TissueResMac
T_D43-PRJCA007744_A116_HCC_B_247_4,Mye_NonClassicalMono,Mye_NonClassicalMono
T_D43-PRJCA007744_A116_HCC_B_1001_4,Mye_NonClassicalMono,Mye_NonClassicalMono
T_D43-PRJCA007744_A116_HCC_B_3511_4,Mye_NonClassicalMono,Mye_NonClassicalMono
T_D43-PRJCA007744_A116_HCC_B_4960_4,Mye_NonClassicalMono,Mye_NonClassicalMono
T_D43-PRJCA007744_A116_HCC_B_7844_4,Mye_NonClassicalMono,Mye_NonClassicalMono
T_D43-PRJCA007744_A116_HCC_B_7898_4,Mye_NonClassicalMono,Mye_NonClassicalMono
T_D43-PRJCA007744_A116_HCC_B_8132_4,Mye_NonClassicalMono,Mye_NonClassicalMono
T_D43-PRJCA007744_A116_HCC_B_8251_4,Mye_NonClassicalMono,Mye_NonClassicalMono
T_D43-PRJCA007744_A117_HCC_N_5857_4,Mye_TissueResMac_2,Mye_TissueResMac
T_D43-PRJCA007744_A119_HCC_B_2326_4,Mye_NonClassicalMono,Mye_NonClassicalMono
T_D43-PRJCA007744_A119_HCC_B_3194_4,Mye_NonClassicalMono,Mye_NonClassicalMono
T_D43-PRJCA007744_A121_HCC_B_3666_4,Mye_NonClassicalMono,Mye_NonClassicalMono
T_D43-PRJCA007744_A121_HCC_B_3807_4,Mye_NonClassicalMono,Mye_NonClassicalMono
T_D43-PRJCA007744_A121_HCC_B_4383_4,Mye_NonClassicalMono,Mye_NonClassicalMono
T_D43-PRJCA007744_A121_HCC_B_5580_4,Mye_NonClassicalMono,Mye_NonClassicalMono
T_D43-PRJCA007744_A121_HCC_B_6297_4,Mye_NonClassicalMono,Mye_NonClassicalMono
T_D43-PRJCA007744_A121_HCC_N_942_4,Mye_TissueResMac_2,Mye_TissueResMac
T_D43-PRJCA007744_A121_HCC_N_1682_4,Mye_TissueResMac_2,Mye_TissueResMac
T_D43-PRJCA007744_A121_HCC_N_2362_4,Mye_TissueResMac_2,Mye_TissueResMac
T_D43-PRJCA007744_A121_HCC_N_3140_4,Mye_TissueResMac_2,Mye_TissueResMac
T_D43-PRJCA007744_A121_HCC_N_3151_4,Mye_TissueResMac_2,Mye_TissueResMac
T_D43-PRJCA007744_A121_HCC_N_3350_4,Mye_TissueResMac_2,Mye_TissueResMac
T_D43-PRJCA007744_A121_HCC_N_3449_4,Mye_TissueResMac_2,Mye_TissueResMac
T_D43-PRJCA007744_A121_HCC_N_3539_4,Mye_TissueResMac_2,Mye_TissueResMac
T_D43-PRJCA007744_A121_HCC_N_3850_4,Mye_TissueResMac_2,Mye_TissueResMac
T_D43-PRJCA007744_A121_HCC_N_4167_4,Mye_TissueResMac_2,Mye_TissueResMac
T_D43-PRJCA007744_A121_HCC_N_4392_4,Mye_TissueResMac_2,Mye_TissueResMac
T_D43-PRJCA007744_A121_HCC_N_4629_4,Mye_TissueResMac_2,Mye_TissueResMac
T_D43-PRJCA007744_A121_HCC_N_4902_4,Mye_TissueResMac_2,Mye_TissueResMac
T_D43-PRJCA007744_A121_HCC_N_5262_4,Mye_TissueResMac_2,Mye_TissueResMac
T_D43-PRJCA007744_A121_HCC_N_5382_4,Mye_TissueResMac_2,Mye_TissueResMac
T_D43-PRJCA007744_A121_HCC_N_5837_4,Mye_TissueResMac_2,Mye_TissueResMac
T_D43-PRJCA007744_A121_HCC_N_6884_4,Mye_TissueResMac_2,Mye_TissueResMac
T_D43-PRJCA007744_A121_HCC_N_7024_4,Mye_TissueResMac_2,Mye_TissueResMac
T_D43-PRJCA007744_A121_HCC_N_7487_4,Mye_TissueResMac_2,Mye_TissueResMac
T_D43-PRJCA007744_A121_HCC_N_7660_4,Mye_TissueResMac_2,Mye_TissueResMac
T_D43-PRJCA007744_A122_HCC_B_2062_4,Mye_NonClassicalMono,Mye_NonClassicalMono
T_D43-PRJCA007744_A122_HCC_N_6712_4,Mye_TissueResMac_2,Mye_TissueResMac
T_D43-PRJCA007744_A122_HCC_N_11287_4,Mye_TissueResMac_2,Mye_TissueResMac
T_D43-PRJCA007744_A123_HCC_B_4607_4,Mye_NonClassicalMono,Mye_NonClassicalMono
T_D43-PRJCA007744_A123_HCC_B_5093_4,Mye_NonClassicalMono,Mye_NonClassicalMono
T_D43-PRJCA007744_A123_HCC_B_5279_4,Mye_NonClassicalMono,Mye_NonClassicalMono
T_D43-PRJCA007744_A123_HCC_B_5386_4,Mye_NonClassicalMono,Mye_NonClassicalMono
T_D43-PRJCA007744_A124_HCC_B_1705_4,Mye_NonClassicalMono,Mye_NonClassicalMono
T_D43-PRJCA007744_A124_HCC_B_3166_4,Mye_NonClassicalMono,Mye_NonClassicalMono
T_D43-PRJCA007744_A124_HCC_B_3672_4,Mye_NonClassicalMono,Mye_NonClassicalMono
T_D43-PRJCA007744_A124_HCC_B_4793_4,Mye_NonClassicalMono,Mye_NonClassicalMono
T_D43-PRJCA007744_A124_HCC_B_5591_4,Mye_NonClassicalMono,Mye_NonClassicalMono
T_D43-PRJCA007744_A124_HCC_N_663_4,Mye_TissueResMac_2,Mye_TissueResMac
T_D39-CRC16_MUX8571_GGCGTGTTCCTTGGTC-1-NonEpithelial_5,Mye_FABP4,Mye_FABP4
T_D39-CRC16_MUX8639_CATGGCGCACCTCGGA-1-NonEpithelial_5,Mye_FABP4,Mye_FABP4
T_D39-CRC16_MUX8639_GATGAGGAGAGTCGGT-1-NonEpithelial_5,Mye_FABP4,Mye_FABP4
T_D39-CRC16_MUX8639_GCACTCTCATCAGTAC-1-NonEpithelial_5,Mye_FABP4,Mye_FABP4
T_D40-KUL5_EXT121_GACACGCTCACTTATC-1-NonEpithelial_5,Mye_FABP4,Mye_FABP4
T_D40-KUL5_EXT121_GCATACAGTCGTTGTA-1-NonEpithelial_5,Mye_FABP4,Mye_FABP4
